page,previous_clicks,current_clicks,delta,previous_impressions,current_impressions,previous_position,current_position
https://haldefiyat.com/hal/istanbul-hal-ibb,548,382,-166,9103,6661,4.968801494012963,5.0777661011860085
https://haldefiyat.com/hal/kahramanmaras-hal,175,116,-59,2717,1976,4.596613912403386,4.393218623481781
https://haldefiyat.com/urun/sogan-kuru,178,141,-37,3349,2746,5.644072857569424,5.821922796795339
https://haldefiyat.com/,145,109,-36,6419,4255,8.46549306745599,7.878965922444183
https://haldefiyat.com/urun/domates-salcalik,66,31,-35,3037,1664,6.978268027658874,7.1514423076923075
https://haldefiyat.com/urun/incir-beyaz,50,20,-30,1769,757,5.156020350480498,5.697490092470278
https://haldefiyat.com/hal/bursa-hal,157,129,-28,3424,2465,6.282126168224299,5.827991886409737
https://haldefiyat.com/urun/patates,194,166,-28,4378,4314,5.610552763819095,6.112424663885026
https://haldefiyat.com/urun/limon,198,173,-25,7894,7198,6.948568533063086,6.924006668519033
https://haldefiyat.com/urun/uzum,123,99,-24,4809,3143,5.5198585984612185,6.12663060769965
https://haldefiyat.com/firmalar/malatya,54,30,-24,616,429,4.603896103896104,4.515151515151516
https://haldefiyat.com/urun/sarimsak-kuru,34,13,-21,1187,600,6.025273799494524,6.755
https://haldefiyat.com/urun/barbunya-taze,38,17,-21,1128,498,6.162234042553192,6.216867469879518
https://haldefiyat.com/firmalar/adana,42,24,-18,1400,1358,7.373571428571428,7.089101620029455
https://haldefiyat.com/urun/seftali,25,8,-17,834,531,5.294964028776978,6.1035781544256125
https://haldefiyat.com/urun/mandalina,37,23,-14,2363,2234,6.264071096064325,6.165174574753805
https://haldefiyat.com/urun/salatalik,23,10,-13,1182,755,5.951776649746193,6.237086092715232
https://haldefiyat.com/hal/eskisehir-hal,39,26,-13,563,520,5.159857904085258,4.901923076923077
https://haldefiyat.com/urun/armut-santamaria,14,3,-11,145,87,4.137931034482758,4.988505747126437
https://haldefiyat.com/firmalar/kayseri,23,13,-10,498,318,6.945783132530121,6.937106918238993
https://haldefiyat.com/urun/limon-mayer,65,55,-10,1315,1993,7.24106463878327,7.366783743100853
https://haldefiyat.com/hal/mersin-hal,58,48,-10,2276,3445,8.436731107205624,7.722786647314949
https://haldefiyat.com/firmalar/izmir,26,17,-9,582,499,9.058419243986254,7.49498997995992
https://haldefiyat.com/firmalar/gaziantep,16,7,-9,737,596,7.918588873812754,8.18288590604027
https://haldefiyat.com/urun/hunnap,36,27,-9,594,505,4.572390572390573,3.871287128712871
https://haldefiyat.com/urun/kavun,18,10,-8,754,527,5.757294429708223,5.891840607210626
https://haldefiyat.com/urun/elma-starking,12,4,-8,658,477,6.834346504559271,7.568134171907757
https://haldefiyat.com/firmalar/trabzon,17,9,-8,190,223,7.673684210526316,7.654708520179372
https://haldefiyat.com/hal/corum-hal,24,16,-8,449,437,5.650334075723831,5.22883295194508
https://haldefiyat.com/urun/cilek,19,12,-7,986,918,5.629817444219067,6.070806100217865
https://haldefiyat.com/urun/marul-aysberg,9,2,-7,252,278,6.242063492063492,6
https://haldefiyat.com/urun/mantar-kultur,26,19,-7,1368,1254,5.058479532163743,5.600478468899522
https://haldefiyat.com/firmalar/batman,17,10,-7,288,283,6.819444444444445,6.3356890459363955
https://haldefiyat.com/firmalar/aksaray,9,2,-7,179,127,6.597765363128492,6.913385826771654
https://haldefiyat.com/urun/kiraz,15,8,-7,511,366,4.8101761252446185,5.46448087431694
https://haldefiyat.com/firmalar/karaman,7,1,-6,111,94,7.63963963963964,7.372340425531915
https://haldefiyat.com/hal/yalova-hal,31,25,-6,307,259,4.964169381107492,5.915057915057915
https://haldefiyat.com/firmalar/kocaeli,11,5,-6,153,248,7.477124183006536,8.306451612903226
https://haldefiyat.com/et-fiyatlari,9,3,-6,680,678,10.266176470588235,10.79646017699115
https://haldefiyat.com/urun/misir-taze,17,11,-6,1288,591,7.697204968944099,7.707275803722505
https://haldefiyat.com/firmalar/konya,31,25,-6,669,559,6.84304932735426,7.31484794275492
https://haldefiyat.com/firmalar/van,9,3,-6,113,147,6.238938053097345,8.380952380952381
https://haldefiyat.com/firmalar/tokat,27,22,-5,464,378,5.6594827586206895,6.526455026455026
https://haldefiyat.com/urun/salatalik-tursuluk,33,28,-5,819,651,6.0476190476190474,5.062980030721966
https://haldefiyat.com/piyasa/erdemli-limon,11,6,-5,705,337,7.463829787234043,8.13946587537092
https://haldefiyat.com/firmalar/eskisehir,8,3,-5,161,138,8.130434782608695,7.065217391304348
https://haldefiyat.com/urun/bogurtlen,12,8,-4,536,318,5.087686567164179,5.6572327044025155
https://haldefiyat.com/urun/nohut,8,4,-4,615,662,9.029268292682927,8.602719033232628
https://haldefiyat.com/firmalar/antalya,18,14,-4,873,694,8.218785796105383,7.518731988472623
https://haldefiyat.com/firmalar/nigde,16,12,-4,493,567,6.612576064908722,7.091710758377425
https://haldefiyat.com/firmalar/zonguldak,6,2,-4,53,64,7.377358490566038,7
https://haldefiyat.com/urun/kirmizi-mercimek,7,3,-4,565,627,8.791150442477875,8.929824561403509
https://haldefiyat.com/urun/incir-siyah,12,8,-4,580,200,6.403448275862069,5.905
https://haldefiyat.com/firmalar/isparta,6,3,-3,241,192,8.406639004149378,8.677083333333332
https://haldefiyat.com/hal/gazipasa-hal,4,1,-3,189,281,8.925925925925926,8.430604982206406
https://haldefiyat.com/urun/biber-dolma,7,4,-3,323,216,6.492260061919505,6.018518518518518
https://haldefiyat.com/firmalar/sakarya,15,12,-3,387,299,8.428940568475452,8.899665551839465
https://haldefiyat.com/firmalar/kilis,12,9,-3,96,113,7.260416666666667,6.929203539823009
https://haldefiyat.com/urun/kuzukulagi,4,1,-3,18,17,5.333333333333333,5.0588235294117645
https://haldefiyat.com/urun/karpuz-cekirdeksiz,3,0,-3,86,43,7.22093023255814,7.1395348837209305
https://haldefiyat.com/urun/ahududu,10,7,-3,314,176,5.6847133757961785,5
https://haldefiyat.com/hal/canakkale-hal,6,3,-3,170,140,7.194117647058824,6.828571428571428
https://haldefiyat.com/firmalar/adana/komisyoncu,6,3,-3,141,116,8.042553191489361,8.491379310344827
https://haldefiyat.com/firmalar/osmaniye,24,21,-3,1128,557,8.37677304964539,7.405745062836624
https://haldefiyat.com/firmalar?page=14,3,0,-3,29,0,7.793103448275862,
https://haldefiyat.com/firmalar/ordu,5,2,-3,132,152,8.893939393939394,8.631578947368421
https://haldefiyat.com/hal/alanya-hal,12,9,-3,696,716,8.75,8.11731843575419
https://haldefiyat.com/urun/karnabahar,22,19,-3,229,245,4.742358078602621,4.346938775510204
https://haldefiyat.com/firmalar/mus,8,5,-3,98,74,6.163265306122449,6.1891891891891895
https://haldefiyat.com/firmalar/ankara,22,19,-3,403,512,9.431761786600497,7.96875
https://haldefiyat.com/firmalar/sivas,13,10,-3,359,263,6.428969359331476,6.186311787072244
https://haldefiyat.com/urun/havuc-beypazari,2,0,-2,15,25,5.533333333333333,8.4
https://haldefiyat.com/urun/domates-salkim,2,0,-2,206,74,9.155339805825243,9.675675675675675
https://haldefiyat.com/urun/kabak-kara,2,0,-2,19,14,5.842105263157895,11.142857142857142
https://haldefiyat.com/urun/domates-sera,2,0,-2,143,40,8.657342657342657,8.05
https://haldefiyat.com/firmalar,14,12,-2,252,205,13.28968253968254,9.95609756097561
https://haldefiyat.com/firmalar/rize,3,1,-2,58,61,9.275862068965518,7.901639344262295
https://haldefiyat.com/urun/zeytinyagi,17,15,-2,973,1525,7.1551901336074,6.922622950819672
https://haldefiyat.com/urun/patlican,25,23,-2,1387,1075,5.944484498918529,5.407441860465116
https://haldefiyat.com/firmalar/erzurum,7,5,-2,255,292,7.372549019607843,6.215753424657534
https://haldefiyat.com/urun/enginar,2,0,-2,91,79,6.230769230769231,6.493670886075949
https://haldefiyat.com/urun/fasulye-cali,2,0,-2,99,56,7.686868686868687,7.410714285714286
https://haldefiyat.com/urun/marul-lolorosso,3,1,-2,41,23,6.439024390243903,8.782608695652174
https://haldefiyat.com/urun/biber-cin,13,11,-2,325,449,5.3476923076923075,5.739420935412027
https://haldefiyat.com/firmalar?page=12,2,0,-2,130,3,8.753846153846155,8
https://haldefiyat.com/urun/erik-anjelik,13,11,-2,210,235,4.480952380952381,4.353191489361702
https://haldefiyat.com/firmalar/mersin,31,29,-2,954,868,8.447589098532495,8.32258064516129
https://haldefiyat.com/hal/demre-hal,6,4,-2,125,157,4.352,5.987261146496815
https://haldefiyat.com/urun/domates,68,66,-2,4048,3965,6.662796442687747,6.570996216897856
https://haldefiyat.com/pro,2,0,-2,3,2,1,5
https://haldefiyat.com/firmalar?city=istanbul&page=1,2,1,-1,44,18,10.204545454545455,8.88888888888889
https://haldefiyat.com/hal/kutahya-hal,11,10,-1,199,192,4.768844221105528,5.260416666666667
https://www.haldefiyat.com/fiyatlar?city=adana-hal,1,0,-1,65,28,6.707692307692308,10.964285714285714
https://haldefiyat.com/urun/yesil-sogan,2,1,-1,141,100,6.539007092198582,6.2
https://haldefiyat.com/firmalar?city=mersin&page=2,4,3,-1,123,79,8.455284552845528,8.949367088607595
https://haldefiyat.com/urun/jalapeno,7,6,-1,220,194,5.55,6.036082474226804
https://haldefiyat.com/firmalar?page=7,1,0,-1,12,21,7,10.142857142857142
https://haldefiyat.com/urun/domates-cherry,1,0,-1,131,81,11.877862595419847,7.469135802469136
https://haldefiyat.com/firmalar?city=mersin&type=komisyoncu&view=list&page=3,1,0,-1,12,2,13.833333333333334,4.5
https://haldefiyat.com/firmalar?view=list&page=3,1,0,-1,124,6,9.064516129032258,10.333333333333334
https://haldefiyat.com/urun/mangostan,1,0,-1,41,7,5.073170731707317,2
https://haldefiyat.com/hal/ulusal-hal-gov-tr,1,0,-1,232,183,11.879310344827585,11.316939890710383
https://haldefiyat.com/urun/ananas,4,3,-1,103,154,6.650485436893204,6.9935064935064934
https://haldefiyat.com/urun/karalahana,1,0,-1,71,47,7.154929577464789,7.340425531914893
https://haldefiyat.com/urun/zeytin,8,7,-1,176,249,6.801136363636363,5.413654618473895
https://haldefiyat.com/urun/nektarin,10,9,-1,228,197,5.390350877192983,4.812182741116752
https://haldefiyat.com/firmalar?city=konya&page=1,2,1,-1,85,54,9.31764705882353,8.722222222222221
https://haldefiyat.com/firmalar?city=mersin&view=list&page=2,1,0,-1,19,1,9.263157894736842,5
https://haldefiyat.com/urun/avakado,1,0,-1,62,79,9.806451612903226,8.037974683544304
https://haldefiyat.com/urun/kabak-sakiz,27,26,-1,75,73,4.426666666666667,4.616438356164384
https://haldefiyat.com/analiz/hal-fiyati-nasil-belirlenir,1,0,-1,29,25,5.206896551724138,5.12
https://haldefiyat.com/urun/bugday,1,0,-1,130,94,18.246153846153845,18.71276595744681
https://haldefiyat.com/urun/fasulye-ayse-kadin,2,1,-1,152,122,5.7631578947368425,6.10655737704918
https://haldefiyat.com/urun/kirmizi-lahana,5,4,-1,116,100,7.017241379310345,7.27
https://haldefiyat.com/hal/bolu-hal,1,0,-1,87,152,5.827586206896552,6.434210526315789
https://haldefiyat.com/firmalar/bingol,6,5,-1,67,90,6.059701492537314,6.044444444444444
https://haldefiyat.com/urun/erik-can,2,1,-1,167,183,6.874251497005988,7.6502732240437155
https://haldefiyat.com/firmalar?view=list&page=2,1,0,-1,9,0,7.333333333333333,
https://haldefiyat.com/urun/bruksel-lahana,1,0,-1,34,39,5.882352941176471,5.512820512820513
https://haldefiyat.com/urun/kuru-fasulye,1,0,-1,102,263,8.362745098039216,8.840304182509506
https://haldefiyat.com/urun/bugday-ekmeklik,1,0,-1,23,17,10.826086956521738,9.941176470588236
https://haldefiyat.com/firmalar/bursa,45,44,-1,890,1014,7.317977528089887,7.166666666666667
https://haldefiyat.com/urun/elma-granny-smith,1,0,-1,43,33,5.674418604651163,4.6060606060606055
https://haldefiyat.com/urun/dana-karkas-et,1,0,-1,77,87,9.493506493506494,8.919540229885058
https://haldefiyat.com/hal/antalya-hal-serik,2,1,-1,142,162,9.577464788732394,13.796296296296296
https://haldefiyat.com/firmalar/siirt,5,4,-1,78,70,6.064102564102564,6.442857142857143
https://haldefiyat.com/urun/california-kirmizi,1,0,-1,10,7,4.6,7.285714285714286
https://haldefiyat.com/firmalar?city=mersin&view=list&page=3,1,0,-1,17,2,8.764705882352942,8
https://haldefiyat.com/urun/kayisi-sekerpare,1,0,-1,60,42,5.016666666666667,4.595238095238095
https://haldefiyat.com/urun/portakal-sikmalik,1,0,-1,19,28,6.105263157894737,10.071428571428571
https://haldefiyat.com/urun/pazi,1,0,-1,60,45,5.45,6.5777777777777775
https://haldefiyat.com/urun/yesil-kapya,1,0,-1,2,35,1.5,3.085714285714286
https://haldefiyat.com/urun/visne,3,2,-1,268,194,7.350746268656716,6.592783505154639
https://haldefiyat.com/urun/bezelye,5,4,-1,143,162,6.006993006993007,5.802469135802469
https://haldefiyat.com/urun/biber-carliston,2,1,-1,364,160,8.208791208791208,7.4875
https://haldefiyat.com/rapor/yillik/2024-1,0,0,0,1,0,10,
https://haldefiyat.com/api/v1/prices?product=patates,0,0,0,1,1,9,3
https://haldefiyat.com/urun/armut-akca,0,0,0,16,15,12.8125,9.2
https://haldefiyat.com/fiyat/eskisehir/erik,0,0,0,0,22,,9.045454545454545
https://haldefiyat.com/fiyat/izmir/sogan-kuru,0,0,0,0,43,,7.023255813953488
https://haldefiyat.com/fiyat/trabzon/sogan-kuru,0,0,0,0,7,,18.714285714285715
https://haldefiyat.com/fiyat/ankara/seftali,0,0,0,0,35,,16.114285714285714
https://haldefiyat.com/urun/turp-beyaz,4,4,0,123,109,5.764227642276423,6.192660550458716
https://haldefiyat.com/api/v1/prices?product=zeytinyagi,0,0,0,3,3,9.333333333333334,8.333333333333332
https://haldefiyat.com/urun/domates-kokteyl,0,0,0,16,29,13.4375,7.206896551724138
https://haldefiyat.com/rapor/yillik/2024,0,0,0,5,2,7.6,9
https://haldefiyat.com/api/v1/prices/export?format=csv&product=domates-yerli&range=7d,0,0,0,2,4,19,5.75
https://haldefiyat.com/firmalar?city=mersin&type=komisyoncu&view=list&page=2,0,0,0,3,0,9,
https://haldefiyat.com/urun/dut-kara,0,0,0,18,27,5.222222222222222,6.074074074074074
https://haldefiyat.com/fiyat/konya/incir-beyaz,0,0,0,0,11,,4.181818181818182
https://haldefiyat.com/urun/feslegen,2,2,0,35,27,5.428571428571429,4.296296296296296
https://haldefiyat.com/urun/californiya-sari,0,0,0,1,7,13,6.428571428571429
https://haldefiyat.com/fiyat/yalova/mantar-kultur,0,0,0,0,6,,6
https://haldefiyat.com/fiyat/manisa/sogan-kuru,0,0,0,0,8,,10
https://haldefiyat.com/fiyat/kayseri/kekik,0,0,0,0,9,,7.444444444444445
https://haldefiyat.com/fiyat/konya/sogan-kuru,0,0,0,0,57,,6.684210526315789
https://haldefiyat.com/fiyat/trabzon/patates,0,0,0,0,16,,10.0625
https://haldefiyat.com/analiz/nisan-3-hafta-2026-endeks-analizi,0,0,0,0,1,,8
https://haldefiyat.com/fiyat/eskisehir/kavun,0,0,0,0,27,,9.518518518518519
https://haldefiyat.com/analiz/agustos-2-hafta-2026-hal-raporu,0,0,0,0,1,,9
https://haldefiyat.com/fiyat/eskisehir/elma,0,0,0,0,13,,10.076923076923077
https://haldefiyat.com/fiyat/izmir/kiraz,0,0,0,0,9,,9
https://haldefiyat.com/api/v1/prices?product=mercan,0,0,0,0,1,,8
https://haldefiyat.com/fiyat/kayseri/nar,0,0,0,0,13,,11.538461538461538
https://haldefiyat.com/fiyat/bursa/erik,0,0,0,0,13,,12.615384615384615
https://haldefiyat.com/urun/domates-pembe,4,4,0,232,140,7.150862068965517,6.2214285714285715
https://haldefiyat.com/rapor/yillik/2021-1,0,0,0,2,2,8.5,5
https://haldefiyat.com/fiyat/denizli/sarimsak-kuru,0,0,0,0,7,,12.714285714285714
https://haldefiyat.com/fiyat/bursa/muz-yerli,0,0,0,0,11,,8.272727272727273
https://haldefiyat.com/firmalar/soguk-hava,0,0,0,19,11,9.68421052631579,9.636363636363637
https://haldefiyat.com/urun/kamkat,0,0,0,5,16,4.6,8.875
https://haldefiyat.com/fiyat/kayseri/muz-yerli,0,0,0,0,6,,4.666666666666666
https://haldefiyat.com/api/v1/prices?product=kavun-ankara,0,0,0,1,0,10,
https://haldefiyat.com/analiz/haziran-3-hafta-2026-hal-raporu,0,0,0,0,2,,4.5
https://haldefiyat.com/firmalar/diyarbakir,21,21,0,346,359,6.442196531791907,6.545961002785515
https://haldefiyat.com/borsa,4,4,0,787,1442,10.017789072426938,10.142163661581137
https://haldefiyat.com/fiyat/manisa/mandalina,0,0,0,0,37,,5.756756756756757
https://haldefiyat.com/api/v1/prices/export?format=csv&product=iskaroz&range=7d,0,0,0,1,0,6,
https://haldefiyat.com/api/v1/prices?product=muz-d-er,0,0,0,0,1,,3
https://haldefiyat.com/firmalar/balikesir,5,5,0,76,114,7.355263157894737,9.12280701754386
https://haldefiyat.com/firmalar?city=mersin&page=5,0,0,0,32,1,7.25,4
https://haldefiyat.com/api/v1/prices?product=kiraz-kg,0,0,0,0,1,,7
https://haldefiyat.com/fiyat/adana/elma,0,0,0,0,34,,10.088235294117647
https://haldefiyat.com/hal/antalya-hal-kumluca,0,0,0,93,89,17.204301075268816,17.786516853932586
https://haldefiyat.com/fiyat/denizli/karpuz,0,0,0,0,10,,6.3
https://haldefiyat.com/fiyat/manisa/fasulye,0,0,0,0,13,,6.153846153846154
https://haldefiyat.com/fiyat/kutahya/patlican,0,0,0,0,4,,8.5
https://haldefiyat.com/urun/feslegen-reyhan,0,0,0,23,15,5,4.866666666666667
https://haldefiyat.com/api/v1/prices/export?format=csv&product=biber-kil-yerli&range=7d,0,0,0,6,3,7.666666666666667,9.333333333333334
https://haldefiyat.com/fiyat/adana/sarimsak-kuru,0,0,0,0,1,,2
https://haldefiyat.com/urun/semiz-otu-bag,0,0,0,12,12,5.916666666666667,6.583333333333333
https://haldefiyat.com/fiyat/kayseri/cilek,0,0,0,0,17,,11.764705882352942
https://haldefiyat.com/fiyat/adana/cilek,0,0,0,0,24,,28.166666666666668
https://haldefiyat.com/fiyat/kutahya/nar,0,0,0,0,30,,9.866666666666667
https://haldefiyat.com/fiyat/izmir/karpuz,0,0,0,0,27,,11
https://haldefiyat.com/fiyat/trabzon/cilek,0,0,0,0,12,,24.583333333333332
https://haldefiyat.com/urun/muz-ithal,0,0,0,0,7,,3
https://haldefiyat.com/firmalar/bolu,2,2,0,40,60,9.2,9.4
https://haldefiyat.com/fiyat/izmir/patlican,0,0,0,0,53,,7.113207547169812
https://haldefiyat.com/fiyat/denizli/elma,0,0,0,0,39,,25.564102564102566
https://haldefiyat.com/api/v1/prices/export?format=csv&product=kayisi-yerli&range=7d,0,0,0,0,1,,21
https://haldefiyat.com/firmalar?page=13,0,0,0,15,25,9.066666666666666,10.16
https://haldefiyat.com/fiyat/manisa/erik,0,0,0,0,9,,7.888888888888889
https://haldefiyat.com/firmalar?page=2,0,0,0,31,0,7.903225806451613,
https://haldefiyat.com/urun/zencefil,0,0,0,21,31,4.380952380952381,6.741935483870968
https://haldefiyat.com/fiyat/eskisehir/uzum,0,0,0,0,8,,10.5
https://haldefiyat.com/harita,0,0,0,3,3,4,6.666666666666667
https://haldefiyat.com/fiyat/konya/kiraz,0,0,0,0,14,,10.142857142857142
https://haldefiyat.com/kvkk,0,0,0,0,2,,5.5
https://haldefiyat.com/rehber/tursu,0,0,0,3,3,13.666666666666666,4
https://haldefiyat.com/analiz/nisan-son-hafta-2026-hal-raporu,0,0,0,0,1,,8
https://haldefiyat.com/fiyat/eskisehir/kiraz,0,0,0,0,6,,13
https://haldefiyat.com/urun/lime,1,1,0,6,17,10.833333333333334,7
https://haldefiyat.com/urun/dongel-musmula,0,0,0,16,22,5.1875,7.545454545454546
https://haldefiyat.com/fiyat/manisa/karpuz,0,0,0,0,4,,43.25
https://haldefiyat.com/firmalar/mersin/komisyoncu,4,4,0,124,165,8.306451612903226,6.624242424242424
https://haldefiyat.com/fiyat/denizli/sogan-kuru,0,0,0,0,70,,9.128571428571428
https://haldefiyat.com/firmalar?page=9,0,0,0,18,13,8.777777777777779,8.307692307692307
https://haldefiyat.com/firmalar?page=11,0,0,0,36,1,8.25,8
https://haldefiyat.com/firmalar?page=5,0,0,0,6,0,6,
https://haldefiyat.com/fiyat/manisa/patlican,0,0,0,0,9,,6.333333333333333
https://haldefiyat.com/analiz/turkiye-domates-fiyati-neden-degisir,0,0,0,35,31,4.771428571428571,6.225806451612903
https://haldefiyat.com/fiyat/istanbul/salatalik,0,0,0,0,50,,7.54
https://haldefiyat.com/api/v1/prices/export?format=csv&product=kabak-d-er&range=7d,0,0,0,1,0,10,
https://haldefiyat.com/urun/bulgur,0,0,0,74,77,6.756756756756757,6.623376623376624
https://www.haldefiyat.com/urun/bal-kabagi,0,0,0,0,1,,1
https://haldefiyat.com/api/v1/prices?product=kalamar-deniz,0,0,0,3,0,7.333333333333333,
https://haldefiyat.com/api/v1/prices/export?city=istanbul&dateFrom=2026-04-01,0,0,0,14,6,11.642857142857142,12.5
https://haldefiyat.com/analiz/agustos-5-hafta-2026-hal-raporu,0,0,0,1,0,4,
https://haldefiyat.com/endeks,0,0,0,4,6,4.25,5.666666666666667
https://haldefiyat.com/rehber,0,0,0,0,5,,2.8
https://haldefiyat.com/fiyat/adana/kiraz,0,0,0,0,6,,2.833333333333333
https://haldefiyat.com/api/v1/prices/export?format=csv&product=uzum-beyaz-kardinal&range=7d,0,0,0,0,1,,7
https://haldefiyat.com/firmalar?city=mersin&page=3,0,0,0,11,20,11.636363636363637,8.25
https://haldefiyat.com/urun/elma-arjantin,0,0,0,3,30,5.333333333333333,31.366666666666667
https://haldefiyat.com/fiyat/manisa/nar,0,0,0,0,13,,13.23076923076923
https://haldefiyat.com/fiyat/yalova/limon,0,0,0,0,2,,7
https://haldefiyat.com/rapor/yillik/2020,0,0,0,1,6,4,5.833333333333333
https://haldefiyat.com/api/v1/prices/weekly-summary?week=2026-30,0,0,0,0,1,,10
https://haldefiyat.com/api/v1/prices/export?format=csv&range=30d&latestOnly=false,0,0,0,0,1,,9
https://haldefiyat.com/fiyat/trabzon/kavun,0,0,0,0,16,,25.25
https://haldefiyat.com/api/v1/prices?product=limon,0,0,0,0,1,,3
https://haldefiyat.com/api/v1/prices/export?format=csv&product=fasulye-yer&range=7d,0,0,0,1,2,11,7.5
https://haldefiyat.com/firmalar/karabuk,2,2,0,84,67,8.55952380952381,8.671641791044777
https://haldefiyat.com/urun/ucburun-koy-biberi,0,0,0,10,5,4.7,5.4
https://haldefiyat.com/fiyat/kayseri/elma,0,0,0,0,72,,5.875
https://haldefiyat.com/fiyat/konya/barbunya,0,0,0,0,2,,7.5
https://haldefiyat.com/firmalar?city=mersin&page=4,0,0,0,13,0,12.23076923076923,
https://haldefiyat.com/urun/kavun-kirkagac,1,1,0,74,60,5.9324324324324325,9.283333333333333
https://haldefiyat.com/fiyat/kayseri/kayisi,0,0,0,0,12,,9.333333333333334
https://haldefiyat.com/firmalar?view=list&page=9,0,0,0,16,4,8,10.25
https://haldefiyat.com/fiyat/izmir/muz-yerli,0,0,0,0,8,,12
https://haldefiyat.com/rapor/yillik/2021,0,0,0,2,1,7,7
https://haldefiyat.com/fiyat/trabzon/kayisi,0,0,0,0,2,,5
https://haldefiyat.com/fiyat/konya/salatalik,0,0,0,0,19,,5.2105263157894735
https://haldefiyat.com/fiyat/manisa/kiraz,0,0,0,0,10,,23.9
https://haldefiyat.com/api/v1/prices?product=ceviz,0,0,0,2,0,9,
https://haldefiyat.com/veri-kaynagi-politikasi,0,0,0,1,0,1,
https://haldefiyat.com/hakkimizda,0,0,0,1,0,2,
https://haldefiyat.com/analiz/sebze-meyve-fiyatlari-neden-sehirden-sehire-degisir,0,0,0,5,3,4.6,4.666666666666666
https://haldefiyat.com/fiyat/trabzon/sarimsak-kuru,0,0,0,0,1,,9
https://haldefiyat.com/urun/yeni-dunya-malta-erigi,0,0,0,23,17,10.782608695652174,5.705882352941177
https://haldefiyat.com/fiyat/trabzon/karpuz,0,0,0,0,5,,25.6
https://haldefiyat.com/analiz/haziran-2-hafta-2026-hal-raporu,0,0,0,1,0,8,
https://haldefiyat.com/analiz/agustos-3-hafta-2026-hal-raporu,0,0,0,9,0,7.222222222222222,
https://haldefiyat.com/fiyat/istanbul/sogan-kuru,0,0,0,0,44,,11.136363636363637
https://haldefiyat.com/rehber/kislik-sebze,0,0,0,0,1,,4
https://haldefiyat.com/yazar/orhan-guzel,0,0,0,1,0,3,
https://haldefiyat.com/api/v1/prices?product=mazak,0,0,0,0,1,,8
https://haldefiyat.com/firmalar?city=mersin&page=1,0,0,0,17,19,8.058823529411764,9.842105263157896
https://haldefiyat.com/urun/uc-burun-koy,0,0,0,3,3,5,8.333333333333332
https://haldefiyat.com/fiyat/konya/yaban-mersini,0,0,0,0,17,,8.176470588235293
https://haldefiyat.com/urun/patlican-bostan-topak,1,1,0,35,47,6.857142857142857,6.74468085106383
https://haldefiyat.com/fiyat/yalova/kizilcik,0,0,0,0,23,,8.956521739130434
https://haldefiyat.com/firmalar?city=mugla&view=card,0,0,0,0,2,,8.5
https://haldefiyat.com/analiz/mayis-1-hafta-2026-hal-raporu,0,0,0,3,6,2.333333333333333,8
https://haldefiyat.com/rapor/yillik/2023,0,0,0,2,6,35.5,7
https://haldefiyat.com/urun/kereviz,1,1,0,87,48,8.068965517241379,6.270833333333333
https://haldefiyat.com/firmalar?view=list&page=5,0,0,0,14,0,6.714285714285714,
https://haldefiyat.com/fiyat/denizli/cilek,0,0,0,0,21,,27.428571428571427
https://haldefiyat.com/firmalar?city=mersin&type=komisyoncu&view=list&page=1,0,0,0,5,6,21.4,7.833333333333333
https://haldefiyat.com/urun/uzum-siyah,3,3,0,133,191,6.195488721804511,5.5811518324607325
https://haldefiyat.com/urun/arpa,0,0,0,0,83,,11.734939759036145
https://haldefiyat.com/fiyat/denizli/patlican,0,0,0,0,13,,7.923076923076923
https://haldefiyat.com/fiyat/bursa/patates,0,0,0,0,32,,4.4375
https://haldefiyat.com/rapor/yillik/2025,0,0,0,0,3,,8.333333333333332
https://haldefiyat.com/fiyat/kayseri/kavun,0,0,0,0,14,,6
https://haldefiyat.com/api/v1/prices?market=yalova-hal,0,0,0,1,0,7,
https://haldefiyat.com/fiyat/trabzon/muz-yerli,0,0,0,0,9,,25.88888888888889
https://haldefiyat.com/api/v1/prices?product=yulaf,0,0,0,1,0,7,
https://haldefiyat.com/fiyat/kocaeli/kiraz,0,0,0,0,7,,58.42857142857143
https://haldefiyat.com/fiyat/bursa/karpuz,0,0,0,0,10,,11.5
https://haldefiyat.com/urun/marul,14,14,0,490,646,6.018367346938776,5.496904024767802
https://haldefiyat.com/fiyat/bursa/patlican,0,0,0,0,34,,5.205882352941177
https://haldefiyat.com/urun/biberiye-rozmarin,0,0,0,18,21,6.5,5.809523809523809
https://haldefiyat.com/fiyat/manisa/patates,0,0,0,0,3,,3.3333333333333335
https://haldefiyat.com/firmalar/kars,1,1,0,27,22,8.518518518518519,9.590909090909092
https://haldefiyat.com/karsilastirma,0,0,0,6,2,8.833333333333332,9
https://haldefiyat.com/fiyat/istanbul/cilek,0,0,0,0,103,,7.786407766990291
https://haldefiyat.com/urun/karpuz,22,22,0,895,663,5.865921787709497,5.929110105580694
https://haldefiyat.com/analiz/mayis-2-hafta-2026-hal-raporu,0,0,0,4,0,5.5,
https://haldefiyat.com/api/v1/prices?product=koyun-canli,0,0,0,2,5,10,7.6
https://haldefiyat.com/iletisim,0,0,0,1,2,3,1
https://haldefiyat.com/analiz/kuru-sogan-fiyat-analizi-temmuz-2026,1,1,0,495,495,8.115151515151515,6.921212121212121
https://haldefiyat.com/firmalar?page=6,0,0,0,27,7,12.962962962962964,17.428571428571427
https://haldefiyat.com/fiyat/izmir/salatalik,0,0,0,0,30,,5.166666666666667
https://haldefiyat.com/urun/deniz-borulcesi-kg,0,0,0,19,18,6.684210526315789,9.777777777777779
https://haldefiyat.com/fiyat/kocaeli/kayisi,0,0,0,0,3,,2.666666666666667
https://haldefiyat.com/urun/semizotu,1,1,0,55,49,6.418181818181818,7.122448979591836
https://haldefiyat.com/fiyat/eskisehir/kayisi,0,0,0,0,3,,6.666666666666667
https://haldefiyat.com/firmalar?city=mersin,0,0,0,9,0,8.777777777777779,
https://haldefiyat.com/hal/tekirdag-hal,1,1,0,76,46,6.828947368421052,6.239130434782608
https://haldefiyat.com/fiyat/yalova/elma,0,0,0,0,5,,9
https://haldefiyat.com/api/v1/prices/export?format=csv&product=karpuz-cekirdeksiz&range=7d,0,0,0,0,1,,16
https://haldefiyat.com/fiyat/istanbul/bogurtlen,0,0,0,0,80,,6.375
https://haldefiyat.com/api/v1/prices/weekly-summary?week=2026-M07,0,0,0,2,1,8,8
https://haldefiyat.com/urun/yaprak-salamura,0,0,0,15,49,8.133333333333333,7.918367346938775
https://haldefiyat.com/analiz/temmuz-2-hafta-2026-hal-raporu,0,0,0,1,0,9,
https://haldefiyat.com/firmalar?view=list&page=6,0,0,0,9,2,8.333333333333332,8.5
https://haldefiyat.com/api/v1/prices?product=barbunya,0,0,0,3,2,8,7
https://haldefiyat.com/api/v1/prices/weekly-summary?week=ZY-2526,0,0,0,0,1,,6
https://haldefiyat.com/fiyat/bursa/ahududu,0,0,0,0,44,,10.727272727272727
https://haldefiyat.com/fiyat/eskisehir/muz-yerli,0,0,0,1,5,7,7
https://haldefiyat.com/fiyat/kutahya/karpuz,0,0,0,0,10,,7.3
https://haldefiyat.com/analiz/temmuz-2026-aylik-hal-raporu,0,0,0,2,3,5.5,4.666666666666666
https://haldefiyat.com/urun/limon-lamas,0,0,0,37,34,8.054054054054054,9.235294117647058
https://haldefiyat.com/fiyat/bursa/kavun,0,0,0,0,31,,10.32258064516129
https://haldefiyat.com/fiyat/kayseri/limon,0,0,0,0,5,,6.2
https://haldefiyat.com/fiyat/yalova/fasulye,0,0,0,0,8,,7.125
https://haldefiyat.com/analiz/nar-fiyatlari-2026-sezon-acilisi-acilisi-analizi,0,0,0,1,2,1,1
https://haldefiyat.com/urun/dere-otu,0,0,0,28,34,5.821428571428571,7.588235294117647
https://haldefiyat.com/fiyat/denizli/kiraz,0,0,0,0,13,,27.76923076923077
https://haldefiyat.com/fiyat/denizli/uzum,0,0,0,0,75,,6.226666666666667
https://haldefiyat.com/fiyat/bursa/bogurtlen,0,0,0,0,11,,6.7272727272727275
https://haldefiyat.com/firmalar?city=antalya&page=1,0,0,0,30,7,17.966666666666665,10
https://haldefiyat.com/fiyat/kayseri/kiraz,0,0,0,0,2,,8.5
https://haldefiyat.com/fiyat/istanbul/karpuz,0,0,0,0,64,,12.390625
https://haldefiyat.com/rehber/narenciye,0,0,0,0,19,,7.7894736842105265
https://haldefiyat.com/analiz/temmuz-4-hafta-2026-hal-raporu,0,0,0,2,3,7,5.666666666666667
https://haldefiyat.com/fiyat/manisa/sarimsak-kuru,0,0,0,0,8,,21.125
https://haldefiyat.com/fiyat/denizli/erik,0,0,0,0,11,,12.818181818181818
https://haldefiyat.com/fiyat/bursa/kiraz,0,0,0,0,5,,20.2
https://haldefiyat.com/rehber/sonbahar-meyveleri,0,0,0,0,3,,7.333333333333333
https://haldefiyat.com/fiyat/bursa/sarimsak-kuru,0,0,0,0,9,,4.444444444444445
https://haldefiyat.com/firmalar?city=antalya&type=komisyoncu&page=2,0,0,0,11,3,13.818181818181818,8
https://haldefiyat.com/urun/marul-gobekli,2,2,0,69,44,8,8.431818181818182
https://haldefiyat.com/fiyat/gaziantep/elma,0,0,0,0,23,,6.565217391304348
https://haldefiyat.com/fiyat/kutahya/patates,0,0,0,0,16,,5.0625
https://haldefiyat.com/fiyat/istanbul/kiraz,0,0,0,0,23,,12.782608695652174
https://haldefiyat.com/rehber/recel,0,0,0,1,1,1,10
https://haldefiyat.com/fiyat/trabzon/domates,0,0,0,0,51,,8.784313725490197
https://haldefiyat.com/firmalar?city=antalya&view=list&page=2,0,0,0,9,0,34.888888888888886,
https://haldefiyat.com/fiyat/kayseri/karpuz,0,0,0,0,14,,5.857142857142857
https://haldefiyat.com/yazar/haldefiyat-veri-ekibi,0,0,0,2,3,2,5.666666666666667
https://haldefiyat.com/fiyat/kutahya/kavun,0,0,0,1,7,8,7.571428571428571
https://haldefiyat.com/urun/asma-yapragi,0,0,0,32,29,8.09375,7.9655172413793105
https://haldefiyat.com/analiz/temmuz-3-hafta-2026-hal-raporu,0,0,0,1,3,5,6
https://haldefiyat.com/api/v1/prices?product=kotek,0,0,0,0,1,,3
https://haldefiyat.com/embed,0,0,0,1,0,5,
https://haldefiyat.com/fiyat/yalova/kayisi,0,0,0,0,4,,3.5
https://haldefiyat.com/fiyat/trabzon/seftali,0,0,0,0,1,,66
https://haldefiyat.com/fiyat/manisa/elma,0,0,0,0,8,,6.5
https://haldefiyat.com/urun/yulaf,0,0,0,106,121,9.38679245283019,8.388429752066116
https://haldefiyat.com/fiyat/kocaeli/cilek,0,0,0,0,13,,8.23076923076923
https://haldefiyat.com/editoryal-politika,0,0,0,1,0,2,
https://haldefiyat.com/fiyat/bursa/kekik,0,0,0,0,9,,18.555555555555557
https://haldefiyat.com/fiyat/eskisehir/patlican,0,0,0,0,11,,12.727272727272727
https://haldefiyat.com/analiz/nar-piyasa-fiyati,0,0,0,0,1,,1
https://haldefiyat.com/analiz/sera-mi-tarla-mi-mevsimsel-fiyat-farki,0,0,0,13,13,5.769230769230769,4.6923076923076925
https://haldefiyat.com/api/v1/prices/export?format=csv&product=domates-organik-salkim&range=7d,0,0,0,0,1,,11
https://haldefiyat.com/urun/maskolin-500-gr,0,0,0,6,7,4.166666666666666,4.714285714285714
https://haldefiyat.com/fiyat/yalova/karpuz,0,0,0,0,6,,7.166666666666667
https://haldefiyat.com/fiyat/manisa/domates,0,0,0,0,53,,6.037735849056604
https://haldefiyat.com/fiyat/trabzon/salatalik,0,0,0,0,8,,8.375
https://haldefiyat.com/firmalar?city=mersin&view=list&page=1,0,0,0,11,18,9.090909090909092,7.333333333333333
https://haldefiyat.com/fiyat/manisa/seftali,0,0,0,0,10,,25.6
https://haldefiyat.com/fiyat/kayseri/sarimsak-kuru,0,0,0,0,5,,6.8
https://haldefiyat.com/fiyat/izmir/nar,0,0,0,0,130,,6.2846153846153845
https://haldefiyat.com/fiyat/istanbul/seftali,0,0,0,0,56,,13.714285714285714
https://haldefiyat.com/fiyat/ankara/karpuz,0,0,0,0,61,,13.819672131147541
https://haldefiyat.com/fiyat/gaziantep/fasulye,0,0,0,0,24,,10.041666666666666
https://haldefiyat.com/fiyat/eskisehir/limon,0,0,0,0,17,,9.058823529411764
https://haldefiyat.com/urun/e-kulak,0,0,0,3,16,7.666666666666667,7.0625
https://haldefiyat.com/urun/salataliik-tursuluk,0,0,0,0,1,,1
https://haldefiyat.com/fiyat/izmir/cilek,0,0,0,0,21,,15.619047619047619
https://haldefiyat.com/firmalar/yalova,1,1,0,63,59,9.492063492063492,8.067796610169491
https://haldefiyat.com/firmalar?city=antalya&type=komisyoncu&view=list&page=3,0,0,0,11,3,26.363636363636363,5.666666666666667
https://haldefiyat.com/analiz/mayis-5-hafta-2026-hal-raporu,0,0,0,3,1,4.333333333333334,9
https://haldefiyat.com/fiyat/bursa/cilek,0,0,0,0,26,,17.923076923076923
https://haldefiyat.com/fiyat/kocaeli/kekik,0,0,0,0,7,,16
https://haldefiyat.com/fiyat/kocaeli/kavun,0,0,0,0,5,,15.8
https://haldefiyat.com/urun/turmeric-zerdecal,0,0,0,3,0,7.333333333333333,
https://haldefiyat.com/fiyat/izmir/elma,0,0,0,0,15,,17.133333333333333
https://haldefiyat.com/fiyat/izmir/limon,0,0,0,0,33,,6.212121212121212
https://haldefiyat.com/api/v1/prices/export?format=csv&product=kabak-yerli&range=7d,0,0,0,4,3,9,7
https://haldefiyat.com/canli-hal-fiyatlari,1,1,0,8,9,3.125,12
https://haldefiyat.com/fiyat/denizli/limon,0,0,0,0,6,,3
https://haldefiyat.com/analiz/agustos-4-hafta-2026-hal-raporu,0,0,0,4,0,6.25,
https://haldefiyat.com/api/v1/prices?product=kayisi,0,0,0,1,0,6,
https://haldefiyat.com/fiyat/kutahya/domates-salcalik,0,0,0,0,1,,5
https://haldefiyat.com/fiyat/adana/fasulye,0,0,0,0,57,,5.9298245614035086
https://haldefiyat.com/api/v1/prices/weekly-summary?week=2026-18,0,0,0,0,1,,3
https://haldefiyat.com/fiyat/trabzon/erik,0,0,0,0,7,,7
https://haldefiyat.com/urun/elma,32,32,0,1395,1792,6.300358422939068,6.071428571428571
https://haldefiyat.com/fiyat/denizli/patates,0,0,0,0,11,,6.090909090909091
https://haldefiyat.com/fiyat/istanbul/patates,0,0,0,0,88,,7.284090909090909
https://haldefiyat.com/fiyat/istanbul/uzum,0,0,0,0,22,,11.545454545454545
https://haldefiyat.com/fiyat/manisa/kayisi,0,0,0,0,4,,7
https://haldefiyat.com/urun/sarpa,0,0,0,0,27,,7.148148148148148
https://haldefiyat.com/fiyat/manisa/limon,0,0,0,0,6,,4.833333333333334
https://haldefiyat.com/fiyat/eskisehir/cilek,0,0,0,0,15,,17.866666666666667
https://haldefiyat.com/fiyat/manisa/kavun,0,0,0,0,17,,27.823529411764707
https://haldefiyat.com/fiyat/adana/mantar-kultur,0,0,0,0,17,,4.705882352941177
https://haldefiyat.com/fiyat/bursa/sogan-kuru,0,0,0,0,31,,6.354838709677419
https://haldefiyat.com/api/v1/prices?city=istanbul&product=domates&limit=5,0,0,0,2,0,10,
https://haldefiyat.com/firmalar?city=mersin&type=komisyoncu&page=4,0,0,0,16,23,7.375,7.608695652173913
https://haldefiyat.com/firmalar?city=istanbul&page=2,0,0,0,5,0,6.6,
https://haldefiyat.com/fiyat/izmir/kayisi,0,0,0,0,8,,3.75
https://haldefiyat.com/fiyatlar?city=adana-hal,0,0,0,1,0,1,
https://haldefiyat.com/fiyat/denizli/kavun,0,0,0,0,26,,7.3076923076923075
https://haldefiyat.com/urun/pirinc,0,0,0,72,69,6.25,6.927536231884058
https://haldefiyat.com/basin,0,0,0,1,0,4,
https://haldefiyat.com/urun/kivircik-marul,0,0,0,1,0,1,
https://haldefiyat.com/fiyat/denizli/kayisi,0,0,0,0,4,,2.75
https://haldefiyat.com/fiyat/gaziantep/cilek,0,0,0,0,29,,16.96551724137931
https://haldefiyat.com/fiyat/eskisehir/salatalik,0,0,0,0,10,,13.2
https://haldefiyat.com/urun/deniz-borulcesi,0,0,0,14,12,5.428571428571429,6
https://haldefiyat.com/kullanim-kosullari,0,0,0,1,0,5,
https://haldefiyat.com/fiyat/bursa/kizilcik,0,0,0,0,192,,9.03125
https://haldefiyat.com/firmalar?city=antalya&view=list&page=3,0,0,0,8,7,25.5,9.285714285714286
https://haldefiyat.com/api/v1/prices/export?format=csv&product=domates-bursa&range=7d,0,0,0,1,0,10,
https://haldefiyat.com/urun/bamya,15,15,0,806,994,6.47394540942928,6.480885311871227
https://haldefiyat.com/firmalar?city=adana&type=komisyoncu&view=list&page=2,0,0,0,4,19,8.5,9.631578947368421
https://haldefiyat.com/fiyat/trabzon/kiraz,0,0,0,0,11,,53.09090909090909
https://haldefiyat.com/fiyat/kutahya/limon,0,0,0,0,7,,11.857142857142858
https://haldefiyat.com/metodoloji,0,0,0,3,1,5.333333333333333,9
https://haldefiyat.com/fiyat/manisa/salatalik,0,0,0,0,8,,7
https://haldefiyat.com/firmalar?city=adana&view=list&page=2,0,0,0,15,3,12.266666666666667,22.333333333333332
https://haldefiyat.com/urun/pakchoi,0,0,0,5,5,6,6
https://haldefiyat.com/fiyat/kocaeli/karpuz,0,0,0,0,15,,7.066666666666666
https://haldefiyat.com/api/v1/prices?product=kiraz-yerli,0,0,0,1,0,38,
https://haldefiyat.com/api/v1/prices/export?format=csv&product=pisi-deniz&range=7d,0,0,0,0,1,,8
https://haldefiyat.com/api/v1/prices?market=istanbul-hal-ibb,0,0,0,1,0,9,
https://haldefiyat.com/urun/pshalis-guvey-feneri,0,0,0,19,22,6.315789473684211,6.863636363636363
https://haldefiyat.com/firmalar?city=balikesir,0,0,0,0,13,,7.538461538461538
https://haldefiyat.com/analiz/mayis-3-hafta-2026-hal-raporu,0,0,0,0,3,,3.3333333333333335
https://haldefiyat.com/analiz/haziran-2026-aylik-hal-raporu,1,1,0,29,14,9.137931034482758,7
https://haldefiyat.com/api/v1/prices?product=salatalik-tursu,0,0,0,1,1,32,11
https://haldefiyat.com/urun/greyfurt,3,3,0,148,118,5.581081081081081,5.220338983050848
https://haldefiyat.com/api/v1/prices/export?format=csv&product=fasulye-taze-ayse-kadin&range=7d,0,0,0,0,1,,6
https://haldefiyat.com/api/v1/prices/export?format=csv&product=fasulye-barbunya&range=7d,0,0,0,1,0,9,
https://haldefiyat.com/api/v1/prices/export?format=csv&product=uzum-red-globe-ithal&range=7d,0,0,0,2,0,3,
https://haldefiyat.com/uyarilar,0,0,0,1,2,7,3.5
https://haldefiyat.com/urun/yer-elmasi,0,0,0,37,14,8.621621621621621,5.785714285714286
https://haldefiyat.com/fiyat/yalova/muz-yerli,0,0,0,0,5,,7
https://haldefiyat.com/rehber/salca-konserve,0,0,0,21,5,8.857142857142858,6
https://haldefiyat.com/fiyat/eskisehir/seftali,0,0,0,0,3,,29
https://haldefiyat.com/urun/kavun-galya,0,0,0,25,9,6.68,4.333333333333334
https://haldefiyat.com/fiyat/kayseri/seftali,0,0,0,0,9,,5.222222222222222
https://haldefiyat.com/analiz/zeytinyagi-ihracati-coktu-ic-fiyat-yukseldi,0,0,0,50,37,7.44,6.648648648648648
https://haldefiyat.com/fiyat/trabzon/fasulye,0,0,0,0,41,,7.365853658536586
https://haldefiyat.com/fiyat/kutahya/mantar-kultur,0,0,0,0,10,,12.6
https://haldefiyat.com/fiyat/kayseri/bogurtlen,0,0,0,0,22,,8.5
https://haldefiyat.com/fiyat/bursa/elma,0,0,0,0,11,,16.545454545454547
https://haldefiyat.com/fiyat/istanbul/limon,0,0,0,0,61,,8.59016393442623
https://haldefiyat.com/fiyat/istanbul/muz-yerli,0,0,0,0,27,,5.185185185185185
https://haldefiyat.com/analiz/mayis-4-hafta-2026-hal-raporu,0,0,0,14,25,6.142857142857143,6
https://haldefiyat.com/ilanlar,0,0,0,2,1,11,8
https://haldefiyat.com/api/v1/prices/weekly-summary?week=2026-W32,0,0,0,0,1,,10
https://haldefiyat.com/api/v1/prices/export?format=csv&product=torik&range=7d,0,0,0,0,1,,8
https://haldefiyat.com/urun/turp-findik,1,1,0,12,15,5.25,6.733333333333333
https://haldefiyat.com/fiyat/kutahya/kiraz,0,0,0,0,3,,4.666666666666666
https://haldefiyat.com/firmalar?city=aydin,0,0,0,9,11,8.333333333333332,8.09090909090909
https://haldefiyat.com/fiyat/manisa/cilek,0,0,0,0,6,,46.5
https://haldefiyat.com/fiyat/bursa/k%C4%B1z%C4%B1lc%C4%B1k,0,0,0,0,1,,1
https://haldefiyat.com/urun/yaban-mersini-kg,3,3,0,138,112,7.9855072463768115,8.214285714285715
https://haldefiyat.com/firmalar?city=mersin&view=list&page=4,0,0,0,15,0,9,
https://haldefiyat.com/rapor/yillik/2022,0,0,0,0,1,,1
https://haldefiyat.com/fiyat/trabzon/patlican,0,0,0,0,5,,22.8
https://haldefiyat.com/api/v1/prices?product=barbunya-taze,0,0,0,2,1,8.5,35
https://haldefiyat.com/fiyat/konya/muz-yerli,0,0,0,0,5,,6.8
https://haldefiyat.com/fiyat/konya/mantar-kultur,0,0,0,0,46,,6.891304347826087
https://haldefiyat.com/urun/tere,0,0,0,14,23,4.928571428571429,4.6521739130434785
https://haldefiyat.com/api-policy,0,0,0,0,1,,2
https://haldefiyat.com/fiyat/konya/nar,0,0,0,0,27,,8.592592592592592
https://haldefiyat.com/firmalar/elazig,35,35,0,636,450,6.031446540880503,6.275555555555556
https://haldefiyat.com/api/v1/prices?product=fasulye-barbunya,0,0,0,1,2,66,8.5
https://haldefiyat.com/fiyat/yalova/erik,0,0,0,0,2,,4
https://haldefiyat.com/fiyat/denizli/salatalik,0,0,0,0,16,,16.875
https://haldefiyat.com/urun/armut,6,6,0,219,318,5.776255707762557,6.377358490566038
https://haldefiyat.com/hal,0,0,0,3,2,8.666666666666668,6
https://haldefiyat.com/firmalar?city=adana&page=2,0,0,0,28,17,8.464285714285715,8
https://haldefiyat.com/firmalar?city=antalya&type=komisyoncu&view=list&page=2,0,0,0,17,5,11.294117647058824,19.4
https://haldefiyat.com/fiyat/kayseri/ahududu,0,0,0,0,12,,7.75
https://haldefiyat.com/urun/nane,3,3,0,146,126,7.239726027397261,5.150793650793651
https://haldefiyat.com/fiyat/denizli/muz-yerli,0,0,0,0,14,,23.785714285714285
https://haldefiyat.com/firmalar?city=antalya&page=4,0,0,0,6,11,6,7.545454545454546
https://haldefiyat.com/api/v1/prices/weekly-summary?week=2026-21,0,0,0,0,1,,9
https://haldefiyat.com/fiyat/izmir/sarimsak-kuru,0,0,0,0,18,,5.277777777777778
https://haldefiyat.com/firmalar?city=mersin&type=komisyoncu&page=5,0,0,0,38,27,9.31578947368421,8.333333333333332
https://haldefiyat.com/firmalar?page=3,0,0,0,33,0,8.242424242424242,
https://haldefiyat.com/urun/pomelo,0,0,0,4,4,7,5.25
https://haldefiyat.com/urun/cavdar,1,1,0,124,97,7.838709677419355,7.711340206185567
https://haldefiyat.com/fiyat/ankara/muz-yerli,0,0,0,0,21,,13.238095238095237
https://haldefiyat.com/fiyat/kutahya/mandalina,0,1,1,0,66,,10.121212121212121
https://haldefiyat.com/fiyat/konya/karpuz,0,1,1,0,16,,7.875
https://haldefiyat.com/fiyat/konya/uzum,0,1,1,0,36,,4.916666666666666
https://haldefiyat.com/fiyat/bursa/fasulye,0,1,1,0,68,,6.6911764705882355
https://haldefiyat.com/firmalar?city=konya&page=2,0,1,1,81,81,9.88888888888889,9.283950617283951
https://haldefiyat.com/fiyat/bursa/uzum,0,1,1,0,19,,10.631578947368421
https://haldefiyat.com/firmalar?city=aydin&view=card,0,1,1,0,8,,9.625
https://haldefiyat.com/fiyat/izmir/domates,0,1,1,0,45,,9
https://haldefiyat.com/urun/salatalik-silor,1,2,1,80,62,5.225,4.887096774193548
https://haldefiyat.com/firmalar/denizli,4,5,1,124,118,8.298387096774194,8.864406779661017
https://haldefiyat.com/fiyat/eskisehir/sogan-kuru,0,1,1,0,63,,6.365079365079365
https://haldefiyat.com/fiyat/kayseri/fasulye,0,1,1,0,33,,6.484848484848484
https://haldefiyat.com/urun/endivyen,0,1,1,5,8,4.4,4.375
https://haldefiyat.com/fiyat/kayseri/salatalik,0,1,1,0,25,,7.08
https://haldefiyat.com/fiyat/trabzon/limon,0,1,1,0,2,,3.5
https://haldefiyat.com/fiyat/konya/seftali,0,1,1,0,18,,5.777777777777778
https://haldefiyat.com/fiyat/kocaeli/fasulye,0,1,1,0,20,,5.9
https://haldefiyat.com/urun/maydanoz,2,3,1,199,215,5.562814070351759,5.916279069767442
https://haldefiyat.com/fiyat/ankara/erik,0,1,1,0,53,,9.150943396226415
https://haldefiyat.com/firmalar/canakkale,0,1,1,49,29,7.183673469387755,7.620689655172414
https://haldefiyat.com/fiyat/istanbul/erik,0,1,1,0,31,,7.806451612903226
https://haldefiyat.com/urun/semiz-otu,0,1,1,6,9,6.5,7.333333333333333
https://haldefiyat.com/urun/havuc,2,3,1,144,166,7.402777777777778,6.933734939759036
https://haldefiyat.com/fiyat/istanbul/kayisi,0,1,1,0,21,,4.9523809523809526
https://haldefiyat.com/fiyat/kayseri/sogan-kuru,0,1,1,0,24,,5.375
https://haldefiyat.com/firmalar?page=4,0,1,1,16,21,17.25,10.333333333333334
https://haldefiyat.com/fiyat/konya/kavun,0,1,1,0,27,,4.555555555555555
https://haldefiyat.com/fiyat/denizli/seftali,0,1,1,0,11,,15.545454545454545
https://haldefiyat.com/fiyat/eskisehir/sarimsak-kuru,0,1,1,0,15,,12.4
https://haldefiyat.com/fiyat/bursa/nar,0,1,1,0,17,,7.882352941176471
https://haldefiyat.com/analiz/pamuk-fiyatlari-gecmisi-2013-2026-borsa-serisi,0,1,1,0,197,,9.842639593908629
https://haldefiyat.com/firmalar/kahramanmaras,15,16,1,323,217,6.077399380804954,6.764976958525345
https://haldefiyat.com/fiyat/denizli/domates-salcalik,0,1,1,0,62,,9.338709677419354
https://haldefiyat.com/fiyat/trabzon/uzum,0,1,1,0,12,,13.666666666666666
https://haldefiyat.com/fiyat/adana/salatalik,0,1,1,0,29,,10.89655172413793
https://haldefiyat.com/firmalar/komisyoncu,0,1,1,8,21,11.625,10.523809523809524
https://haldefiyat.com/fiyat/konya/sarimsak-kuru,0,1,1,0,22,,5.545454545454546
https://haldefiyat.com/urun/salgam,1,2,1,33,29,6.484848484848484,5.862068965517241
https://haldefiyat.com/fiyat/eskisehir/fasulye,0,1,1,0,16,,10.3125
https://haldefiyat.com/urun/domates-beef,0,1,1,30,18,25.533333333333335,18.27777777777778
https://haldefiyat.com/urun/kiraz-napolyon,0,1,1,1,11,1,4.181818181818182
https://haldefiyat.com/fiyat/izmir/seftali,0,1,1,0,27,,7.111111111111111
https://haldefiyat.com/urun/kisnis,0,1,1,4,7,1.75,5.285714285714286
https://haldefiyat.com/urun/erik-papaz,0,1,1,28,19,5.75,4.789473684210526
https://haldefiyat.com/firmalar?view=list&page=7,0,1,1,22,28,9.045454545454545,12.964285714285714
https://haldefiyat.com/urun/biber-sivri,0,1,1,175,280,7.817142857142857,6.964285714285714
https://haldefiyat.com/hal/adana-hal,0,1,1,0,344,,6.622093023255814
https://haldefiyat.com/fiyat/kutahya/sogan-kuru,0,1,1,0,11,,4.181818181818182
https://haldefiyat.com/analiz,0,1,1,54,74,5.796296296296297,6.297297297297297
https://haldefiyat.com/hal/antalya-hal-merkez,0,1,1,48,78,37.145833333333336,23.58974358974359
https://haldefiyat.com/fiyat/istanbul/sarimsak-kuru,0,1,1,0,32,,13.5625
https://haldefiyat.com/firmalar/nakliye,1,2,1,14,28,7.285714285714286,6
https://haldefiyat.com/analiz/uzum-fiyatlari-2026-sezon-analizi,0,1,1,0,18,,7.055555555555555
https://haldefiyat.com/fiyat/istanbul/elma,0,1,1,0,73,,5.123287671232877
https://haldefiyat.com/analiz/31-agustos-6-eylul-2026-haftalik-hal-raporu,0,1,1,0,13,,4.538461538461538
https://haldefiyat.com/urun/uzum-cekirdeksiz,1,2,1,147,132,7.08843537414966,6.901515151515151
https://haldefiyat.com/urun/mantar,1,2,1,46,55,7.043478260869565,6.836363636363636
https://haldefiyat.com/fiyat/konya/kayisi,0,1,1,0,9,,4.888888888888889
https://haldefiyat.com/fiyat/konya/limon,0,1,1,0,28,,5.678571428571429
https://haldefiyat.com/fiyat/kutahya/uzum,0,1,1,0,1,,6
https://haldefiyat.com/firmalar/mugla,3,4,1,114,82,9.280701754385966,8.75609756097561
https://haldefiyat.com/firmalar?view=list&page=10,0,1,1,32,18,9.9375,9.444444444444445
https://haldefiyat.com/fiyat/bursa/mandalina,0,1,1,0,32,,6.59375
https://haldefiyat.com/urun/kudret-nari,1,2,1,65,64,5.846153846153846,5.265625
https://haldefiyat.com/hal/manisa-hal,7,8,1,432,393,6.0717592592592595,6.750636132315521
https://haldefiyat.com/fiyat/izmir/kavun,0,1,1,0,60,,9.55
https://haldefiyat.com/urun/salatalik-cengelkoy,0,1,1,39,41,12.666666666666666,16.390243902439025
https://haldefiyat.com/fiyat/kayseri/domates,0,1,1,0,64,,6.90625
https://haldefiyat.com/canli-hayvan-fiyatlari,0,1,1,106,267,8.61320754716981,8.872659176029963
https://haldefiyat.com/fiyat/konya/patlican,0,1,1,0,24,,3.875
https://haldefiyat.com/fiyat/kocaeli/domates,0,1,1,0,74,,5.5675675675675675
https://haldefiyat.com/fiyat/konya/fasulye,0,1,1,0,93,,8.0752688172043
https://haldefiyat.com/urun/hindistan-cevizi,0,1,1,19,78,3.3684210526315788,5.67948717948718
https://haldefiyat.com/urun/armut-deveci,1,2,1,163,122,6.374233128834356,5.311475409836065
https://haldefiyat.com/fiyat/denizli/domates,0,1,1,0,25,,8.92
https://haldefiyat.com/fiyat/konya/domates,0,1,1,0,118,,7.110169491525424
https://haldefiyat.com/hal/finike-hal,2,3,1,53,60,6.622641509433962,6.033333333333333
https://haldefiyat.com/firmalar?view=list&page=4,0,1,1,9,7,8.11111111111111,10.285714285714286
https://haldefiyat.com/fiyat/kutahya/seftali,0,1,1,0,11,,9.545454545454545
https://haldefiyat.com/urun/kekik,31,33,2,1654,1591,6.438935912938331,6.9151477058453805
https://haldefiyat.com/firmalar?page=8,0,2,2,17,13,8.294117647058822,8.384615384615385
https://haldefiyat.com/urun/kuskonmaz,3,5,2,290,227,6.772413793103448,4.9471365638766525
https://haldefiyat.com/urun/dut,1,3,2,137,134,5.547445255474453,4.380597014925373
https://haldefiyat.com/urun/turp-kirmizi,3,5,2,91,62,5.769230769230769,4.612903225806452
https://haldefiyat.com/firmalar?city=mersin&type=komisyoncu&view=list&page=4,0,2,2,37,70,10.054054054054054,8.714285714285715
https://haldefiyat.com/firmalar/agri,2,4,2,36,54,6.833333333333333,6.851851851851852
https://haldefiyat.com/urun/roka,0,2,2,71,123,4.943661971830986,6.650406504065041
https://haldefiyat.com/fiyat/gaziantep/domates,0,2,2,0,99,,6.7272727272727275
https://haldefiyat.com/urun/sarimsak-taze,0,2,2,129,93,11.24031007751938,7.967741935483871
https://haldefiyat.com/hal/izmir-hal,21,23,2,1701,1968,8.263374485596707,7.642784552845528
https://haldefiyat.com/fiyat/konya/cilek,0,2,2,0,54,,10.981481481481481
https://haldefiyat.com/firmalar?city=antalya&page=2,0,2,2,37,14,16.945945945945944,10.142857142857142
https://haldefiyat.com/fiyat/kayseri/patlican,0,2,2,0,36,,6.138888888888889
https://haldefiyat.com/firmalar/antalya/komisyoncu,0,2,2,62,54,8.870967741935484,7.092592592592593
https://haldefiyat.com/urun/fasulye-sirik,1,3,2,19,73,4.105263157894736,5.739726027397261
https://haldefiyat.com/fiyat/adana/patlican,0,2,2,0,23,,5.086956521739131
https://haldefiyat.com/fiyat/izmir/patates,0,2,2,0,62,,8.016129032258064
https://haldefiyat.com/fiyat/istanbul/nar,0,2,2,0,131,,6.396946564885496
https://haldefiyat.com/firmalar/aydin,4,6,2,170,156,7.947058823529412,7.871794871794871
https://haldefiyat.com/firmalar?city=mersin&type=komisyoncu&page=3,0,2,2,9,35,13,8.4
https://haldefiyat.com/fiyat/konya/erik,0,2,2,0,35,,5.885714285714286
https://haldefiyat.com/urun/yaban-mersini,19,21,2,561,468,4.158645276292335,3.8076923076923075
https://haldefiyat.com/fiyatlar,19,21,2,1392,1521,15.161637931034482,12.194608809993426
https://haldefiyat.com/firmalar/kutahya,0,2,2,19,31,10.31578947368421,8.258064516129032
https://haldefiyat.com/firmalar?city=antalya&page=3,1,3,2,17,72,13.823529411764707,8.625
https://haldefiyat.com/urun/sogan-yesil,0,2,2,25,25,12.56,7.2
https://haldefiyat.com/urun/elma-golden,1,3,2,324,117,7.614197530864198,11.008547008547009
https://haldefiyat.com/firmalar/edirne,0,2,2,32,52,8.65625,9.75
https://haldefiyat.com/fiyat/istanbul/kavun,0,2,2,0,62,,9.290322580645162
https://haldefiyat.com/urun/marul-kivircik,3,5,2,214,195,6.803738317757009,5.2615384615384615
https://haldefiyat.com/firmalar/mardin,4,6,2,118,143,6.245762711864407,7.076923076923077
https://haldefiyat.com/fiyat/eskisehir/patates,0,2,2,0,61,,6.573770491803279
https://haldefiyat.com/urun/mango,4,6,2,132,148,7.1893939393939394,8.175675675675675
https://haldefiyat.com/firmalar?view=list&page=8,0,2,2,18,31,7.666666666666667,9.161290322580646
https://haldefiyat.com/fiyat/istanbul/incir-beyaz,0,2,2,0,49,,4.4897959183673475
https://haldefiyat.com/firmalar?city=mersin&type=komisyoncu&page=2,0,2,2,17,25,7.176470588235294,8.280000000000001
https://haldefiyat.com/fiyat/bursa/salatalik,0,3,3,0,18,,10.166666666666666
https://haldefiyat.com/fiyat/trabzon/domates-salcalik,0,3,3,0,26,,6.6923076923076925
https://haldefiyat.com/fiyat/eskisehir/domates,0,3,3,0,80,,7.1875
https://haldefiyat.com/urun/patates-taze,3,6,3,349,235,10.684813753581661,11.306382978723404
https://haldefiyat.com/fiyat/bursa/seftali,0,3,3,0,55,,8.236363636363636
https://haldefiyat.com/urun/kekik-yas-taze,0,3,3,142,166,7.690140845070423,7.602409638554217
https://haldefiyat.com/fiyat/konya/elma,0,3,3,0,57,,6.4035087719298245
https://haldefiyat.com/urun/ampul-kabak,0,3,3,23,27,5.869565217391305,5.37037037037037
https://haldefiyat.com/fiyat/gaziantep/erik,0,3,3,0,17,,6.235294117647059
https://haldefiyat.com/urun/brokoli,8,11,3,274,334,5.08029197080292,5.230538922155689
https://haldefiyat.com/urun/kayisi,19,22,3,853,859,7.178194607268464,7.833527357392317
https://haldefiyat.com/firmalar/erzincan,7,10,3,148,176,6.364864864864865,5.579545454545454
https://haldefiyat.com/urun/borulce,6,9,3,258,179,7.1395348837209305,6.396648044692737
https://haldefiyat.com/fiyat/manisa/uzum,0,3,3,0,74,,7.1891891891891895
https://haldefiyat.com/urun/havuc-siyah,2,5,3,40,26,5.7,8.076923076923077
https://haldefiyat.com/fiyat/kocaeli/elma,0,3,3,1,104,4,10.365384615384615
https://haldefiyat.com/fiyat/istanbul/fasulye,0,3,3,0,95,,5.578947368421052
https://haldefiyat.com/urun/portakal-washington,0,3,3,73,112,6.232876712328767,8.276785714285715
https://haldefiyat.com/fiyat/istanbul/patlican,0,3,3,0,75,,4.96
https://haldefiyat.com/fiyat/bursa/incir-beyaz,0,3,3,0,44,,4.522727272727273
https://haldefiyat.com/urun/ayva,14,17,3,211,269,4.862559241706161,4.776951672862454
https://haldefiyat.com/urun/portakal-valencia,0,4,4,54,63,10.055555555555555,5.857142857142857
https://haldefiyat.com/analiz/pamuk-sezonu-2026-acilis-fiyati-2025-karsilastirmasi,0,4,4,0,40,,6.25
https://haldefiyat.com/fiyat/bursa/domates,0,4,4,0,267,,7.033707865168539
https://haldefiyat.com/urun/pancar,1,5,4,158,353,7.7025316455696204,6.555240793201133
https://haldefiyat.com/urun/pirasa,2,6,4,97,114,6.329896907216495,6.149122807017544
https://haldefiyat.com/fiyat/eskisehir/karpuz,0,4,4,0,24,,8.666666666666668
https://haldefiyat.com/fiyat/ankara/sogan-kuru,0,4,4,0,172,,9.279069767441861
https://haldefiyat.com/firmalar/adiyaman,11,15,4,238,273,6.61344537815126,6.52014652014652
https://haldefiyat.com/fiyat/yalova/domates,0,4,4,0,47,,5.787234042553192
https://haldefiyat.com/analiz/tursuluk-sezonu-2026-tursu-sepeti-hal-fiyatlari,2,6,4,128,181,6.171875,5.50828729281768
https://haldefiyat.com/urun/bakla,1,6,5,129,181,6.868217054263566,5.917127071823204
https://haldefiyat.com/fiyat/istanbul/domates,0,5,5,0,217,,6.142857142857143
https://haldefiyat.com/urun/uzum-beyaz,0,5,5,183,137,6.85792349726776,6.554744525547445
https://haldefiyat.com/firmalar/duzce,1,6,5,80,66,8.3625,7.136363636363637
https://haldefiyat.com/urun/acur,11,16,5,230,228,5.304347826086956,5.219298245614035
https://haldefiyat.com/hal/trabzon-hal,25,30,5,754,560,5.326259946949602,5.017857142857143
https://haldefiyat.com/firmalar/manisa,5,10,5,309,277,8.37864077669903,8.339350180505416
https://haldefiyat.com/piyasa/adana-mandalina,0,5,5,0,795,,5.879245283018868
https://haldefiyat.com/firmalar/samsun,19,24,5,630,484,7.741269841269841,7.555785123966942
https://haldefiyat.com/fiyat/konya/patates,0,5,5,0,79,,6.177215189873418
https://haldefiyat.com/urun/muz-yerli,26,32,6,1176,922,6.100340136054422,6.25704989154013
https://haldefiyat.com/hal/kocaeli-hal-merkez,33,39,6,1514,1188,5.755614266842801,5.288720538720539
https://haldefiyat.com/hal/kayseri-hal,59,65,6,2923,2553,6.18645227505987,5.879357618488053
https://haldefiyat.com/urun/barbunya,41,47,6,832,982,6.298076923076923,6.027494908350305
https://haldefiyat.com/urun/portakal-finike,5,11,6,312,300,6.166666666666667,6.703333333333333
https://haldefiyat.com/urun/avokado,16,22,6,465,529,5.2924731182795695,4.992438563327032
https://haldefiyat.com/urun/kabak,13,19,6,639,622,5.723004694835681,5.737942122186495
https://haldefiyat.com/hal/balikesir-hal,15,22,7,501,412,5.431137724550898,5.344660194174757
https://haldefiyat.com/urun/kuzu-karkas-et,0,7,7,110,203,8.89090909090909,10.48768472906404
https://haldefiyat.com/fiyat/kocaeli/domates-salcalik,0,7,7,0,92,,5.065217391304348
https://haldefiyat.com/fiyat/kayseri/domates-salcalik,0,7,7,0,405,,7.311111111111111
https://haldefiyat.com/urun/ispanak,4,11,7,241,377,5.066390041493776,5.336870026525199
https://haldefiyat.com/firmalar/istanbul,45,52,7,1401,1179,8.648108493932906,8.413910093299407
https://haldefiyat.com/urun/domates-ayas,0,7,7,0,143,,5.811188811188811
https://haldefiyat.com/urun/erik,63,71,8,1889,1760,5.247750132345156,5.234659090909091
https://haldefiyat.com/hal/denizli-hal,30,38,8,1194,978,5.21356783919598,5.523517382413088
https://haldefiyat.com/fiyat/adana/limon,0,8,8,0,557,,7.089766606822262
https://haldefiyat.com/firmalar/hatay,19,28,9,848,880,7.971698113207547,7.704545454545454
https://haldefiyat.com/firmalar/amasya,7,17,10,221,277,7.226244343891403,7.274368231046932
https://haldefiyat.com/firmalar/sanliurfa,30,41,11,825,929,7.699393939393939,7.705059203444564
https://haldefiyat.com/urun/kizilcik,43,54,11,1149,762,5.231505657093124,5.110236220472441
https://haldefiyat.com/urun/portakal,5,17,12,460,586,6.4369565217391305,6.2542662116040955
https://haldefiyat.com/urun/bal-kabagi,56,69,13,1015,1198,4.610837438423646,4.390651085141903
https://haldefiyat.com/urun/limon-yatak,15,29,14,260,255,5.8076923076923075,5.850980392156862
https://haldefiyat.com/urun/misir,8,22,14,1136,1928,9.310739436619718,9.639522821576763
https://haldefiyat.com/hal/gaziantep-hal,91,106,15,1854,2177,5.706040992448759,5.191088654111162
https://haldefiyat.com/fiyat/bursa/domates-salcalik,0,17,17,0,415,,6.144578313253012
https://haldefiyat.com/urun/fasulye,45,64,19,2835,2341,6.097354497354497,5.960273387441265
https://haldefiyat.com/urun/nar,65,85,20,2303,2360,4.940946591402518,5.591525423728814
https://haldefiyat.com/analiz/nar-fiyatlari-2026-sezon-acilisi-analizi,20,40,20,1070,1327,7.537383177570093,6.859080633006783
https://haldefiyat.com/analiz/limon-fiyatlari-2026-mersin-erdemli-piyasa-analizi,38,60,22,3180,3308,7.074842767295597,6.466142684401451
https://haldefiyat.com/urun/kivi,17,40,23,544,598,5.025735294117647,4.7157190635451505
https://haldefiyat.com/hal/konya-hal,105,134,29,2516,2064,4.533386327503974,4.179263565891473
https://haldefiyat.com/piyasa/adana-mayer-limon,0,34,34,0,1579,,6.549081697276757
https://haldefiyat.com/urun/incir,11,49,38,602,1562,7.48172757475083,6.758002560819462
https://haldefiyat.com/hal/ankara-hal,281,400,119,7557,6894,5.579859732698161,5.078909196402669
