domain,query,sample_competitor_position,sample_our_position,ahead_in_sample,competitor_url,our_gsc_position,our_gsc_impressions,target_path,action
a101.com.tr,limon fiyatları,15,5,False,https://www.a101.com.tr/kapida/meyve-sebze/limon-kg_p-20000800,5.85,4838,/urun/limon,"Çeşit, hal/bahçe ayrımı, kaynaklı tablo ve ilgili Mayer/yerel piyasa bağlantılarını güçlendir."
a101.com.tr,limon piyasası,12,6,False,https://www.a101.com.tr/kapida/meyve-sebze/limon-kg_p-20000800,5.64,4118,/urun/limon,"Çeşit, hal/bahçe ayrımı, kaynaklı tablo ve ilgili Mayer/yerel piyasa bağlantılarını güçlendir."
a101.com.tr,patates fiyatları,9,4,False,https://www.a101.com.tr/kapida/meyve-sebze/patates-kg_p-20000794,7.14,2639,/urun/patates,Mevcut açılış sayfasında niyet ve veri kapsamı incelemesi.
a101.com.tr,soğan fiyatları,5,4,False,https://www.a101.com.tr/kapida/meyve-sebze/sogan-kg_p-20000796,5.73,1212,/urun/sogan-kuru,Mevcut açılış sayfasında niyet ve veri kapsamı incelemesi.
aa.com.tr,limon piyasası,14,6,False,https://www.aa.com.tr/tr/ekonomi/turfanda-limon-hasadiyla-fiyatlarin-dengelenmesi-ongoruluyor/3266856,5.64,4118,/urun/limon,"Çeşit, hal/bahçe ayrımı, kaynaklı tablo ve ilgili Mayer/yerel piyasa bağlantılarını güçlendir."
aa.com.tr,soğan fiyatları,18,4,False,https://www.aa.com.tr/tr/ekonomi/kuru-sogan-fiyatlari-onumuzdeki-hafta-dususe-gececek/1189527,5.73,1212,/urun/sogan-kuru,Mevcut açılış sayfasında niyet ve veri kapsamı incelemesi.
acikveri.kayseri.bel.tr,kayseri hal fiyatları,15,8,False,https://acikveri.kayseri.bel.tr/veri-seti/kayseri-hal-fiyat-listesi/9,6.22,2306,/hal/kayseri-hal,"Google mevcut hedefini kontrol et; veri tarihi, liste sırası ve sorguya uygun açıklamayı güçlendir."
acikveri.konya.bel.tr,konya hal fiyatları,6,18,True,https://acikveri.konya.bel.tr/dataset/?tags=hal+fiyatlar%C4%B1,2.74,1949,/hal/konya-hal,"Google mevcut hedefini kontrol et; veri tarihi, liste sırası ve sorguya uygun açıklamayı güçlendir."
acikyesil.bursa.bel.tr,bursa hal fiyatları,3,11,True,https://acikyesil.bursa.bel.tr/dataset/hal-fiyatlari/resource/23e05731-cddc-4d7d-a01b-c64b5c3b3f9b,2.85,1866,/hal/bursa-hal,"Google mevcut hedefini kontrol et; veri tarihi, liste sırası ve sorguya uygun açıklamayı güçlendir."
adana.bel.tr,adana limon fiyatları,9,6,False,https://www.adana.bel.tr/tr/hal-fiyat-listesi,7.8,4403,/urun/limon,Adana resmi veri akışını doğrula/onar; genel fiyatı Adana fiyatı diye sunma; yerel sayfa veri kapısı sonrası.
adana.bel.tr,mersin hal fiyatları,19,9,False,https://www.adana.bel.tr/tr/hal-fiyat-listesi,8.46,2051,/hal/mersin-hal,Son kaynak tarihi 22 Haziran; yeni yazıdan önce güncel resmi kaynak ve ETL sorununu çöz.
adana.bel.tr,bursa hal fiyatları,19,11,False,https://www.adana.bel.tr/tr/hal-fiyat-listesi,2.85,1866,/hal/bursa-hal,"Google mevcut hedefini kontrol et; veri tarihi, liste sırası ve sorguya uygun açıklamayı güçlendir."
adana.bel.tr,gaziantep hal fiyatları,19,4,False,https://www.adana.bel.tr/tr/ukome,4.62,1234,/hal/gaziantep-hal,"Google mevcut hedefini kontrol et; veri tarihi, liste sırası ve sorguya uygun açıklamayı güçlendir."
adatarimurunleri.com.tr,bayrampaşa hal fiyatları,2,13,True,https://www.adatarimurunleri.com.tr/istanbul-bayrampasa-hal-fiyatlari/,3.96,1936,/hal/istanbul-hal-ibb,Aynı hal sayfasında Bayrampaşa fiyat listesi başlığı ve güncel satırları önce göster; kopya URL açma.
adatarimurunleri.com.tr,bayrampaşa meyve sebze hali fiyat listesi,1,,True,https://www.adatarimurunleri.com.tr/istanbul-bayrampasa-hal-fiyatlari/,4.03,1249,/hal/istanbul-hal-ibb,Aynı hal sayfasında Bayrampaşa fiyat listesi başlığı ve güncel satırları önce göster; kopya URL açma.
adatarimurunleri.com.tr,istanbul sebze hali fiyatları,13,8,False,https://www.adatarimurunleri.com.tr/istanbul-bayrampasa-hal-fiyatlari/,5.24,1023,/hal/istanbul-hal-ibb,Aynı hal sayfasında Bayrampaşa fiyat listesi başlığı ve güncel satırları önce göster; kopya URL açma.
afyon.bel.tr,bayrampaşa meyve sebze hali fiyat listesi,17,,True,https://afyon.bel.tr/icerikler/0/549/toptanci-hal-fiyatlari,4.03,1249,/hal/istanbul-hal-ibb,Aynı hal sayfasında Bayrampaşa fiyat listesi başlığı ve güncel satırları önce göster; kopya URL açma.
akakce.com,limon fiyatları,8,5,False,https://www.akakce.com/meyve/limonlar.html,5.85,4838,/urun/limon,"Çeşit, hal/bahçe ayrımı, kaynaklı tablo ve ilgili Mayer/yerel piyasa bağlantılarını güçlendir."
akakce.com,limon piyasası,7,6,False,https://www.akakce.com/meyve/limonlar.html,5.64,4118,/urun/limon,"Çeşit, hal/bahçe ayrımı, kaynaklı tablo ve ilgili Mayer/yerel piyasa bağlantılarını güçlendir."
akakce.com,patates fiyatları,1,4,True,https://www.akakce.com/sebze/patatesler.html,7.14,2639,/urun/patates,Mevcut açılış sayfasında niyet ve veri kapsamı incelemesi.
akakce.com,salçalık domates fiyatları,1,,True,https://www.akakce.com/arama/?q=sal%C3%A7al%C4%B1k+domates,7.93,1828,/urun/domates-salcalik,"Mevcut sayfayı Rio/çeşit, hal-fabrika ayrımı ve veriye dayalı hesap örneğiyle güçlendir."
akakce.com,adana mayer limon fiyatları,13,,True,https://www.akakce.com/meyve/limonlar.html,7.84,1358,/urun/limon-mayer,Mevcut Mayer sayfasında Adana veri kapsamını açıklayan içerik; yerel seri tamamlanınca şehir sayfası.
akakce.com,soğan fiyatları,1,4,True,https://www.akakce.com/sebze/soganlar.html,5.73,1212,/urun/sogan-kuru,Mevcut açılış sayfasında niyet ve veri kapsamı incelemesi.
akakce.com,nar fiyatları 2026,12,2,False,"https://www.akakce.com/meyve/en-ucuz-nar-kg-fiyati,1178416574.html",4.26,1119,/urun/nar,Mevcut açılış sayfasında niyet ve veri kapsamı incelemesi.
akakce.com,üzüm fiyatları,3,,True,https://www.akakce.com/kuru-meyve/kuru-uzum.html,6.1,898,/urun/uzum,"Taze/kuru üzüm niyetini ayır; mevcut hedefi koru, çeşide ve kaynağa bağlı açıklama ekle."
akakce.com,2026 üzüm fiyatları,10,2,False,https://www.akakce.com/kuru-meyve/kuru-uzum.html,3.03,842,/urun/uzum,"Taze/kuru üzüm niyetini ayır; mevcut hedefi koru, çeşide ve kaynağa bağlı açıklama ekle."
alanyapostasi.com.tr,mersin hal fiyatları,20,9,False,https://www.alanyapostasi.com.tr/fiyatlar-dusmek-bilmiyor-antalya-halinde-durum-vahim,8.46,2051,/hal/mersin-hal,Son kaynak tarihi 22 Haziran; yeni yazıdan önce güncel resmi kaynak ve ETL sorununu çöz.
alanyapostasi.com.tr,gaziantep hal fiyatları,17,4,False,https://www.alanyapostasi.com.tr/fiyatlar-dusmek-bilmiyor-antalya-halinde-durum-vahim,4.62,1234,/hal/gaziantep-hal,"Google mevcut hedefini kontrol et; veri tarihi, liste sırası ve sorguya uygun açıklamayı güçlendir."
alibotanik.com,nar fiyatları 2026,16,2,False,https://www.alibotanik.com/kategori/nar-fidani,4.26,1119,/urun/nar,Mevcut açılış sayfasında niyet ve veri kapsamı incelemesi.
ankara.bel.tr,hal fiyatları,3,12,True,https://www.ankara.bel.tr/hal-fiyatlari,7.59,3139,/fiyatlar,Ana sayfa/fiyatlar sorgu sahipliğini incele; şehir bağlantıları ve son veri tarihlerini güçlendir.
ankara.bel.tr,ankara hal fiyatları,1,10,True,https://www.ankara.bel.tr/hal-fiyatlari,4.67,2981,/hal/ankara-hal,"Google mevcut hedefini kontrol et; veri tarihi, liste sırası ve sorguya uygun açıklamayı güçlendir."
ankara.bel.tr,bursa hal fiyatları,15,11,False,https://www.ankara.bel.tr/hal-fiyatlari,2.85,1866,/hal/bursa-hal,"Google mevcut hedefini kontrol et; veri tarihi, liste sırası ve sorguya uygun açıklamayı güçlendir."
ankara.bel.tr,ankara hal fiyatları bugün,1,3,True,https://www.ankara.bel.tr/hal-fiyatlari,5.4,1226,/hal/ankara-hal,"Google mevcut hedefini kontrol et; veri tarihi, liste sırası ve sorguya uygun açıklamayı güçlendir."
ankara.bel.tr,nar fiyatları 2026,20,2,False,https://www.ankara.bel.tr/hal-fiyatlari,4.26,1119,/urun/nar,Mevcut açılış sayfasında niyet ve veri kapsamı incelemesi.
ankara.bel.tr,istanbul hal fiyatları bugün,20,9,False,https://www.ankara.bel.tr/hal-fiyatlari,4.19,1052,/hal/istanbul-hal-ibb,Aynı hal sayfasında Bayrampaşa fiyat listesi başlığı ve güncel satırları önce göster; kopya URL açma.
ankara.bel.tr,ankara meyve sebze hali fiyatları,1,4,True,https://www.ankara.bel.tr/hal-fiyatlari,6.8,775,/hal/ankara-hal,"Google mevcut hedefini kontrol et; veri tarihi, liste sırası ve sorguya uygun açıklamayı güçlendir."
ankarahalfiyatlari.wordpress.com,ankara hal fiyatları bugün,14,3,False,https://ankarahalfiyatlari.wordpress.com/,5.4,1226,/hal/ankara-hal,"Google mevcut hedefini kontrol et; veri tarihi, liste sırası ve sorguya uygun açıklamayı güçlendir."
antalya.bel.tr,ankara meyve sebze hali fiyatları,19,4,False,https://www.antalya.bel.tr/tr/halden-gunluk-fiyatlar,6.8,775,/hal/ankara-hal,"Google mevcut hedefini kontrol et; veri tarihi, liste sırası ve sorguya uygun açıklamayı güçlendir."
antalyagundem.com.tr,mersin hal fiyatları,11,9,False,https://www.antalyagundem.com.tr/mersin-hal-fiyatlari,8.46,2051,/hal/mersin-hal,Son kaynak tarihi 22 Haziran; yeni yazıdan önce güncel resmi kaynak ve ETL sorununu çöz.
apexhali.com,ankara hal fiyatları bugün,10,3,False,https://www.apexhali.com/,5.4,1226,/hal/ankara-hal,"Google mevcut hedefini kontrol et; veri tarihi, liste sırası ve sorguya uygun açıklamayı güçlendir."
asemkom.org.tr,ankara hal fiyatları,7,10,True,https://www.asemkom.org.tr/wp-content/uploads/2023/12/4_12_2023.pdf,4.67,2981,/hal/ankara-hal,"Google mevcut hedefini kontrol et; veri tarihi, liste sırası ve sorguya uygun açıklamayı güçlendir."
avokadocuayse.com,limon piyasası,19,6,False,https://www.avokadocuayse.com/,5.64,4118,/urun/limon,"Çeşit, hal/bahçe ayrımı, kaynaklı tablo ve ilgili Mayer/yerel piyasa bağlantılarını güçlendir."
balikesirposta.com.tr,adana limon fiyatları,7,6,False,https://www.balikesirposta.com.tr/adana-da-limonun-fiyatini-dusurecek-hasat-basladi-44431.html,7.8,4403,/urun/limon,Adana resmi veri akışını doğrula/onar; genel fiyatı Adana fiyatı diye sunma; yerel sayfa veri kapısı sonrası.
balikesirposta.com.tr,adana mayer limon fiyatları,11,,True,https://www.balikesirposta.com.tr/adana-da-limonun-fiyatini-dusurecek-hasat-basladi-44431.html,7.84,1358,/urun/limon-mayer,Mevcut Mayer sayfasında Adana veri kapsamını açıklayan içerik; yerel seri tamamlanınca şehir sayfası.
batiakdeniztv.com,istanbul hal fiyatları,9,3,False,https://www.batiakdeniztv.com/istanbul-hal-fiyatlari,4.3,6157,/hal/istanbul-hal-ibb,Aynı hal sayfasında Bayrampaşa fiyat listesi başlığı ve güncel satırları önce göster; kopya URL açma.
batiakdeniztv.com,hal fiyatları,15,12,False,https://www.batiakdeniztv.com/antalya-hal-fiyatlari,7.59,3139,/fiyatlar,Ana sayfa/fiyatlar sorgu sahipliğini incele; şehir bağlantıları ve son veri tarihlerini güçlendir.
batiakdeniztv.com,ankara hal fiyatları,4,10,True,https://www.batiakdeniztv.com/ankara-hal-fiyatlari,4.67,2981,/hal/ankara-hal,"Google mevcut hedefini kontrol et; veri tarihi, liste sırası ve sorguya uygun açıklamayı güçlendir."
batiakdeniztv.com,mersin hal fiyatları,3,9,True,https://www.batiakdeniztv.com/mersin-hal-fiyatlari,8.46,2051,/hal/mersin-hal,Son kaynak tarihi 22 Haziran; yeni yazıdan önce güncel resmi kaynak ve ETL sorununu çöz.
batiakdeniztv.com,konya hal fiyatları,16,18,True,https://www.batiakdeniztv.com/konya-hal-fiyatlari,2.74,1949,/hal/konya-hal,"Google mevcut hedefini kontrol et; veri tarihi, liste sırası ve sorguya uygun açıklamayı güçlendir."
batiakdeniztv.com,denizli hal fiyatları,16,6,False,https://www.batiakdeniztv.com/kinik-ova-hal-fiyatlari,3.21,1348,/hal/denizli-hal,"Google mevcut hedefini kontrol et; veri tarihi, liste sırası ve sorguya uygun açıklamayı güçlendir."
batiakdeniztv.com,ankara hal fiyatları bugün,5,3,False,https://www.batiakdeniztv.com/ankara-hal-fiyatlari,5.4,1226,/hal/ankara-hal,"Google mevcut hedefini kontrol et; veri tarihi, liste sırası ve sorguya uygun açıklamayı güçlendir."
batiakdeniztv.com,istanbul hal fiyatları bugün,6,9,True,https://www.batiakdeniztv.com/istanbul-hal-fiyatlari,4.19,1052,/hal/istanbul-hal-ibb,Aynı hal sayfasında Bayrampaşa fiyat listesi başlığı ve güncel satırları önce göster; kopya URL açma.
batiakdeniztv.com,istanbul sebze hali fiyatları,14,8,False,https://www.batiakdeniztv.com/istanbul-hal-fiyatlari,5.24,1023,/hal/istanbul-hal-ibb,Aynı hal sayfasında Bayrampaşa fiyat listesi başlığı ve güncel satırları önce göster; kopya URL açma.
batiakdeniztv.com,ankara meyve sebze hali fiyatları,3,4,True,https://www.batiakdeniztv.com/ankara-hal-fiyatlari,6.8,775,/hal/ankara-hal,"Google mevcut hedefini kontrol et; veri tarihi, liste sırası ve sorguya uygun açıklamayı güçlendir."
bbc.com,limon fiyatları,6,5,False,https://www.bbc.com/turkce/articles/c623l9n3zr9o,5.85,4838,/urun/limon,"Çeşit, hal/bahçe ayrımı, kaynaklı tablo ve ilgili Mayer/yerel piyasa bağlantılarını güçlendir."
bbc.com,limon piyasası,9,6,False,https://www.bbc.com/turkce/articles/c623l9n3zr9o,5.64,4118,/urun/limon,"Çeşit, hal/bahçe ayrımı, kaynaklı tablo ve ilgili Mayer/yerel piyasa bağlantılarını güçlendir."
bbc.com,mersin limon fiyatları,9,3,False,https://www.bbc.com/turkce/articles/c623l9n3zr9o,6.54,3343,/piyasa/erdemli-limon,"Yerel veri akışını onar; piyasa, analiz ve ürün sayfalarının amaçlarını ve iç bağlantılarını ayır."
bbc.com,adana mayer limon fiyatları,5,,True,https://www.bbc.com/turkce/articles/c623l9n3zr9o,7.84,1358,/urun/limon-mayer,Mevcut Mayer sayfasında Adana veri kapsamını açıklayan içerik; yerel seri tamamlanınca şehir sayfası.
bettybluecityfarm.com.tr,mersin hal fiyatları,10,9,False,https://www.bettybluecityfarm.com.tr/raporlar/hal/mersin-yaban-mersini/,8.46,2051,/hal/mersin-hal,Son kaynak tarihi 22 Haziran; yeni yazıdan önce güncel resmi kaynak ve ETL sorununu çöz.
biantep.com,gaziantep hal fiyatları,3,4,True,https://biantep.com/hal-fiyatlari,4.62,1234,/hal/gaziantep-hal,"Google mevcut hedefini kontrol et; veri tarihi, liste sırası ve sorguya uygun açıklamayı güçlendir."
biga.bel.tr,istanbul hal fiyatları,20,3,False,https://www.biga.bel.tr/vefat-edenler,4.3,6157,/hal/istanbul-hal-ibb,Aynı hal sayfasında Bayrampaşa fiyat listesi başlığı ve güncel satırları önce göster; kopya URL açma.
bigpara.hurriyet.com.tr,limon fiyatları,17,5,False,https://bigpara.hurriyet.com.tr/haberler/genel-haberler/limonda-fiyatlari-dusurecek-hasat_ID1616271/,5.85,4838,/urun/limon,"Çeşit, hal/bahçe ayrımı, kaynaklı tablo ve ilgili Mayer/yerel piyasa bağlantılarını güçlendir."
biletinial.com,mersin limon fiyatları,20,3,False,https://biletinial.com/tr-tr/tiyatro/ilker-ayrikla-gercekler-acidir,6.54,3343,/piyasa/erdemli-limon,"Yerel veri akışını onar; piyasa, analiz ve ürün sayfalarının amaçlarını ve iç bağlantılarını ayır."
biletinial.com,ankara hal fiyatları,18,10,False,https://biletinial.com/tr-tr/tiyatro/sen-de-gitme-triyandafilis-dt,4.67,2981,/hal/ankara-hal,"Google mevcut hedefini kontrol et; veri tarihi, liste sırası ve sorguya uygun açıklamayı güçlendir."
bilgigazetesi.org,salçalık domates fiyatları,17,,True,https://bilgigazetesi.org/haber/2024-yili-salcalik-domates-fiyatlari-ne-kadar-oldu,7.93,1828,/urun/domates-salcalik,"Mevcut sayfayı Rio/çeşit, hal-fabrika ayrımı ve veriye dayalı hesap örneğiyle güçlendir."
bilgikonu.com,bayrampaşa hal fiyatları,14,13,False,https://www.bilgikonu.com/bayrampasa-hal-fiyatlari/,3.96,1936,/hal/istanbul-hal-ibb,Aynı hal sayfasında Bayrampaşa fiyat listesi başlığı ve güncel satırları önce göster; kopya URL açma.
birgun.net,gaziantep hal fiyatları,18,4,False,https://www.birgun.net/makale/tiyatro-sanat-oldugu-kadar-saygidir-706091,4.62,1234,/hal/gaziantep-hal,"Google mevcut hedefini kontrol et; veri tarihi, liste sırası ve sorguya uygun açıklamayı güçlendir."
bizdekalmasin.com,bursa hal fiyatları,6,11,True,https://www.bizdekalmasin.com/fiyatlari/bursa-hal-fiyatlari/,2.85,1866,/hal/bursa-hal,"Google mevcut hedefini kontrol et; veri tarihi, liste sırası ve sorguya uygun açıklamayı güçlendir."
bizdekalmasin.com,bayrampaşa hal fiyatları,10,13,True,https://www.bizdekalmasin.com/fiyatlari/bayrampasa-hal-fiyatlari/,3.96,1936,/hal/istanbul-hal-ibb,Aynı hal sayfasında Bayrampaşa fiyat listesi başlığı ve güncel satırları önce göster; kopya URL açma.
bizdekalmasin.com,denizli hal fiyatları,7,6,False,https://www.bizdekalmasin.com/fiyatlari/denizli-hal-fiyatlari/,3.21,1348,/hal/denizli-hal,"Google mevcut hedefini kontrol et; veri tarihi, liste sırası ve sorguya uygun açıklamayı güçlendir."
bizdekalmasin.com,kocaeli hal fiyatları,17,,True,https://www.bizdekalmasin.com/fiyatlari/kocaeli-hal-fiyatlari/,3.87,1093,/hal/kocaeli-hal-merkez,"Google mevcut hedefini kontrol et; veri tarihi, liste sırası ve sorguya uygun açıklamayı güçlendir."
bolgegazetesi.com.tr,adana mayer limon fiyatları,16,,True,https://bolgegazetesi.com.tr/adanada-limon-fiyatlari-neden-artiyor/,7.84,1358,/urun/limon-mayer,Mevcut Mayer sayfasında Adana veri kapsamını açıklayan içerik; yerel seri tamamlanınca şehir sayfası.
borsa.tobb.org.tr,üzüm fiyatları,17,,True,https://borsa.tobb.org.tr/fiyat_urun3.php?ana_kod=9&alt_kod=916,6.1,898,/urun/uzum,"Taze/kuru üzüm niyetini ayır; mevcut hedefi koru, çeşide ve kaynağa bağlı açıklama ekle."
boyner.com.tr,adana limon fiyatları,16,6,False,https://www.boyner.com.tr/parfum-x-c4001,7.8,4403,/urun/limon,Adana resmi veri akışını doğrula/onar; genel fiyatı Adana fiyatı diye sunma; yerel sayfa veri kapısı sonrası.
bugunkocaeli.com.tr,kocaeli hal fiyatları,4,,True,https://www.bugunkocaeli.com.tr/kocaeli-hal-fiyatlari-aciklandi-sebze-ve-meyvede-son-durum-19-mart-2026,3.87,1093,/hal/kocaeli-hal-merkez,"Google mevcut hedefini kontrol et; veri tarihi, liste sırası ve sorguya uygun açıklamayı güçlendir."
bursa.bel.tr,bursa hal fiyatları,1,11,True,https://www.bursa.bel.tr/hal_fiyatlari,2.85,1866,/hal/bursa-hal,"Google mevcut hedefini kontrol et; veri tarihi, liste sırası ve sorguya uygun açıklamayı güçlendir."
bursa.bel.tr,bayrampaşa meyve sebze hali fiyat listesi,19,,True,https://www.bursa.bel.tr/hal_fiyatlari,4.03,1249,/hal/istanbul-hal-ibb,Aynı hal sayfasında Bayrampaşa fiyat listesi başlığı ve güncel satırları önce göster; kopya URL açma.
cagri.com,soğan fiyatları,20,4,False,https://www.cagri.com/sogan-kuru-taze-kg,5.73,1212,/urun/sogan-kuru,Mevcut açılış sayfasında niyet ve veri kapsamı incelemesi.
carrefoursa.com,patates fiyatları,10,4,False,https://www.carrefoursa.com/patates-sogan-ve-sarimsak/c/1033,7.14,2639,/urun/patates,Mevcut açılış sayfasında niyet ve veri kapsamı incelemesi.
carrefoursa.com,salçalık domates fiyatları,18,,True,https://www.carrefoursa.com/salcalik-domates-kg-p-30019244,7.93,1828,/urun/domates-salcalik,"Mevcut sayfayı Rio/çeşit, hal-fabrika ayrımı ve veriye dayalı hesap örneğiyle güçlendir."
carrefoursa.com,adana mayer limon fiyatları,9,,True,https://www.carrefoursa.com/limon-mayer-kg-p-30006959,7.84,1358,/urun/limon-mayer,Mevcut Mayer sayfasında Adana veri kapsamını açıklayan içerik; yerel seri tamamlanınca şehir sayfası.
carrefoursa.com,soğan fiyatları,11,4,False,https://www.carrefoursa.com/sogan-kuru-yeni-hasat-kg-p-30056639,5.73,1212,/urun/sogan-kuru,Mevcut açılış sayfasında niyet ve veri kapsamı incelemesi.
carrefoursa.com,nar fiyatları 2026,8,2,False,https://www.carrefoursa.com/nar-kg-p-30054444,4.26,1119,/urun/nar,Mevcut açılış sayfasında niyet ve veri kapsamı incelemesi.
ciftcikolik.com,üzüm fiyatları 2026,9,2,False,https://ciftcikolik.com/fiyatlar/istanbul/uzum,3.36,1019,/urun/uzum,"Taze/kuru üzüm niyetini ayır; mevcut hedefi koru, çeşide ve kaynağa bağlı açıklama ekle."
cimri.com,limon fiyatları,10,5,False,"https://www.cimri.com/meyve/en-ucuz-lime-limon-adet-fiyatlari,2584777659",5.85,4838,/urun/limon,"Çeşit, hal/bahçe ayrımı, kaynaklı tablo ve ilgili Mayer/yerel piyasa bağlantılarını güçlendir."
cimri.com,limon piyasası,10,6,False,"https://www.cimri.com/market/meyve/en-ucuz-limon-fiyatlari,116833",5.64,4118,/urun/limon,"Çeşit, hal/bahçe ayrımı, kaynaklı tablo ve ilgili Mayer/yerel piyasa bağlantılarını güçlendir."
cimri.com,mersin limon fiyatları,13,3,False,"https://www.cimri.com/market/meyve/en-ucuz-limon-fiyatlari,116833",6.54,3343,/piyasa/erdemli-limon,"Yerel veri akışını onar; piyasa, analiz ve ürün sayfalarının amaçlarını ve iç bağlantılarını ayır."
cimri.com,patates fiyatları,6,4,False,"https://www.cimri.com/market/sebze/en-ucuz-patates-fiyatlari,53318",7.14,2639,/urun/patates,Mevcut açılış sayfasında niyet ve veri kapsamı incelemesi.
cimri.com,konya hal fiyatları,9,18,True,https://www.cimri.com/konya-hali,2.74,1949,/hal/konya-hal,"Google mevcut hedefini kontrol et; veri tarihi, liste sırası ve sorguya uygun açıklamayı güçlendir."
cimri.com,salçalık domates fiyatları,9,,True,"https://www.cimri.com/market/sebze/en-ucuz-rio-domates-fiyatlari,1008260",7.93,1828,/urun/domates-salcalik,"Mevcut sayfayı Rio/çeşit, hal-fabrika ayrımı ve veriye dayalı hesap örneğiyle güçlendir."
cimri.com,denizli hal fiyatları,15,6,False,https://www.cimri.com/denizli-hali,3.21,1348,/hal/denizli-hal,"Google mevcut hedefini kontrol et; veri tarihi, liste sırası ve sorguya uygun açıklamayı güçlendir."
cimri.com,soğan fiyatları,6,4,False,"https://www.cimri.com/sebze/en-ucuz-taze-sogan-bag-fiyatlari,2584828419",5.73,1212,/urun/sogan-kuru,Mevcut açılış sayfasında niyet ve veri kapsamı incelemesi.
cimri.com,nar fiyatları 2026,4,2,False,"https://www.cimri.com/market/meyve/en-ucuz-nar-fiyatlari,116746",4.26,1119,/urun/nar,Mevcut açılış sayfasında niyet ve veri kapsamı incelemesi.
cimri.com,erdemli limon fiyatları,8,2,False,"https://www.cimri.com/market/meyve/en-ucuz-limon-fiyatlari,116833",5.71,985,/piyasa/erdemli-limon,"Yerel veri akışını onar; piyasa, analiz ve ürün sayfalarının amaçlarını ve iç bağlantılarını ayır."
cimri.com,üzüm fiyatları,14,,True,https://www.cimri.com/market/kuru-uzum-fiyatlari,6.1,898,/urun/uzum,"Taze/kuru üzüm niyetini ayır; mevcut hedefi koru, çeşide ve kaynağa bağlı açıklama ekle."
cnnturk.com,adana limon fiyatları,18,6,False,https://www.cnnturk.com/ekonomi/limon-ithalatinda-gumruk-vergisi-gecici-olarak-dusuruldu-2405528,7.8,4403,/urun/limon,Adana resmi veri akışını doğrula/onar; genel fiyatı Adana fiyatı diye sunma; yerel sayfa veri kapısı sonrası.
corum.bel.tr,bursa hal fiyatları,18,11,False,https://www.corum.bel.tr/hal-fiyatlari,2.85,1866,/hal/bursa-hal,"Google mevcut hedefini kontrol et; veri tarihi, liste sırası ve sorguya uygun açıklamayı güçlendir."
corum.bel.tr,ankara meyve sebze hali fiyatları,15,4,False,https://www.corum.bel.tr/hal-fiyatlari,6.8,775,/hal/ankara-hal,"Google mevcut hedefini kontrol et; veri tarihi, liste sırası ve sorguya uygun açıklamayı güçlendir."
cukurovagazetesi.com,mersin limon fiyatları,10,3,False,https://cukurovagazetesi.com/mersinde-limon-fiyatlari-rekor-kiriyor,6.54,3343,/piyasa/erdemli-limon,"Yerel veri akışını onar; piyasa, analiz ve ürün sayfalarının amaçlarını ve iç bağlantılarını ayır."
cumhuriyet.com.tr,adana limon fiyatları,10,6,False,https://www.cumhuriyet.com.tr/ekonomi/adanada-limonun-fiyatini-dusurecek-hasat-basladi-2234480,7.8,4403,/urun/limon,Adana resmi veri akışını doğrula/onar; genel fiyatı Adana fiyatı diye sunma; yerel sayfa veri kapısı sonrası.
cumhuriyet.com.tr,adana mayer limon fiyatları,12,,True,https://www.cumhuriyet.com.tr/ekonomi/adanada-limonun-fiyatini-dusurecek-hasat-basladi-2234480,7.84,1358,/urun/limon-mayer,Mevcut Mayer sayfasında Adana veri kapsamını açıklayan içerik; yerel seri tamamlanınca şehir sayfası.
denizli.bel.tr,hal fiyatları,8,12,True,https://www.denizli.bel.tr/Default.aspx?k=halfiyatlari,7.59,3139,/fiyatlar,Ana sayfa/fiyatlar sorgu sahipliğini incele; şehir bağlantıları ve son veri tarihlerini güçlendir.
denizli.bel.tr,mersin hal fiyatları,17,9,False,https://www.denizli.bel.tr/Default.aspx?k=halfiyatlari,8.46,2051,/hal/mersin-hal,Son kaynak tarihi 22 Haziran; yeni yazıdan önce güncel resmi kaynak ve ETL sorununu çöz.
denizli.bel.tr,denizli hal fiyatları,1,6,True,https://www.denizli.bel.tr/Default.aspx?k=halfiyatlari,3.21,1348,/hal/denizli-hal,"Google mevcut hedefini kontrol et; veri tarihi, liste sırası ve sorguya uygun açıklamayı güçlendir."
denizli.bel.tr,istanbul sebze hali fiyatları,20,8,False,https://www.denizli.bel.tr/Default.aspx?k=halfiyatlari,5.24,1023,/hal/istanbul-hal-ibb,Aynı hal sayfasında Bayrampaşa fiyat listesi başlığı ve güncel satırları önce göster; kopya URL açma.
denizliyeniolay.com,denizli hal fiyatları,10,6,False,https://denizliyeniolay.com/etiket/hal-fiyatlari,3.21,1348,/hal/denizli-hal,"Google mevcut hedefini kontrol et; veri tarihi, liste sırası ve sorguya uygun açıklamayı güçlendir."
dokuz8haber.net,bayrampaşa hal fiyatları,16,13,False,https://dokuz8haber.net/istanbul-hal-fiyatlari,3.96,1936,/hal/istanbul-hal-ibb,Aynı hal sayfasında Bayrampaşa fiyat listesi başlığı ve güncel satırları önce göster; kopya URL açma.
dokuz8haber.net,bayrampaşa meyve sebze hali fiyat listesi,6,,True,https://dokuz8haber.net/istanbul-hal-fiyatlari,4.03,1249,/hal/istanbul-hal-ibb,Aynı hal sayfasında Bayrampaşa fiyat listesi başlığı ve güncel satırları önce göster; kopya URL açma.
dokuz8haber.net,istanbul sebze hali fiyatları,12,8,False,https://dokuz8haber.net/istanbul-hal-fiyatlari,5.24,1023,/hal/istanbul-hal-ibb,Aynı hal sayfasında Bayrampaşa fiyat listesi başlığı ve güncel satırları önce göster; kopya URL açma.
durumle.com,patates fiyatları,17,4,False,https://www.durumle.com/lezzetler,7.14,2639,/urun/patates,Mevcut açılış sayfasında niyet ve veri kapsamı incelemesi.
eataly.com.tr,limon fiyatları,16,5,False,https://www.eataly.com.tr/media/pumpt4np/pizza-e-cucina-menu.pdf,5.85,4838,/urun/limon,"Çeşit, hal/bahçe ayrımı, kaynaklı tablo ve ilgili Mayer/yerel piyasa bağlantılarını güçlendir."
ebelediye.kocaeli.bel.tr,kocaeli hal fiyatları,18,,True,https://ebelediye.kocaeli.bel.tr/WebForms/Haller/HalFiyatlari.aspx,3.87,1093,/hal/kocaeli-hal-merkez,"Google mevcut hedefini kontrol et; veri tarihi, liste sırası ve sorguya uygun açıklamayı güçlendir."
edetv.com.tr,kahramanmaraş hal fiyatları,7,4,False,https://www.edetv.com.tr/kahramanmaras-hal-fiyatlari-2024-gunluk-sebze-ve-meyve-fiyatlari,2.89,1736,/hal/kahramanmaras-hal,"Google mevcut hedefini kontrol et; veri tarihi, liste sırası ve sorguya uygun açıklamayı güçlendir."
egetelgraf.com,adana mayer limon fiyatları,4,,True,https://www.egetelgraf.com/adanada-mayer-cinsi-limon-hasadi-basladi-fiyatlar-yuksek-seviyede,7.84,1358,/urun/limon-mayer,Mevcut Mayer sayfasında Adana veri kapsamını açıklayan içerik; yerel seri tamamlanınca şehir sayfası.
egeyonhaber.com,denizli hal fiyatları,18,6,False,https://www.egeyonhaber.com/tag/hal-fiyatlari/,3.21,1348,/hal/denizli-hal,"Google mevcut hedefini kontrol et; veri tarihi, liste sırası ve sorguya uygun açıklamayı güçlendir."
eislem.izmir.bel.tr,hal fiyatları,6,12,True,https://eislem.izmir.bel.tr/tr/HalFiyatlari/20,7.59,3139,/fiyatlar,Ana sayfa/fiyatlar sorgu sahipliğini incele; şehir bağlantıları ve son veri tarihlerini güçlendir.
eislem.izmir.bel.tr,salçalık domates fiyatları,7,,True,https://eislem.izmir.bel.tr/tr/HalFiyatlari/20,7.93,1828,/urun/domates-salcalik,"Mevcut sayfayı Rio/çeşit, hal-fabrika ayrımı ve veriye dayalı hesap örneğiyle güçlendir."
eislem.izmir.bel.tr,denizli hal fiyatları,17,6,False,https://eislem.izmir.bel.tr/tr/HalFiyatlari/20,3.21,1348,/hal/denizli-hal,"Google mevcut hedefini kontrol et; veri tarihi, liste sırası ve sorguya uygun açıklamayı güçlendir."
eislem.izmir.bel.tr,ankara hal fiyatları bugün,12,3,False,https://eislem.izmir.bel.tr/tr/HalFiyatlari/20,5.4,1226,/hal/ankara-hal,"Google mevcut hedefini kontrol et; veri tarihi, liste sırası ve sorguya uygun açıklamayı güçlendir."
ekonomigazetesi.com,soğan fiyatları,16,4,False,https://www.ekonomigazetesi.com/sektor-haberleri/bayraktar-depoda-sogan-patates-kalmadi-fiyat-yuzde-45-artti-80412,5.73,1212,/urun/sogan-kuru,Mevcut açılış sayfasında niyet ve veri kapsamı incelemesi.
eleman.net,istanbul hal fiyatları,7,3,False,https://www.eleman.net/is-rehberi/maaslar-ve-ucretler/meyve-sebze-istanbul-hal-fiyatlari-h20697,4.3,6157,/hal/istanbul-hal-ibb,Aynı hal sayfasında Bayrampaşa fiyat listesi başlığı ve güncel satırları önce göster; kopya URL açma.
eleman.net,istanbul sebze hali fiyatları,10,8,False,https://www.eleman.net/is-rehberi/maaslar-ve-ucretler/meyve-sebze-istanbul-hal-fiyatlari-h20697,5.24,1023,/hal/istanbul-hal-ibb,Aynı hal sayfasında Bayrampaşa fiyat listesi başlığı ve güncel satırları önce göster; kopya URL açma.
emlakkulisi.com,ankara hal fiyatları,8,10,True,https://emlakkulisi.com/guncel/ankara-hali-sebze-fiyat-listesi/1927437,4.67,2981,/hal/ankara-hal,"Google mevcut hedefini kontrol et; veri tarihi, liste sırası ve sorguya uygun açıklamayı güçlendir."
emlakkulisi.com,ankara hal fiyatları bugün,7,3,False,https://emlakkulisi.com/guncel/ankara-hali-sebze-fiyat-listesi/1927437,5.4,1226,/hal/ankara-hal,"Google mevcut hedefini kontrol et; veri tarihi, liste sırası ve sorguya uygun açıklamayı güçlendir."
emlakkulisi.com,istanbul sebze hali fiyatları,7,8,True,https://emlakkulisi.com/guncel/istanbul-hali-sebze-meyve-fiyat/1927945,5.24,1023,/hal/istanbul-hal-ibb,Aynı hal sayfasında Bayrampaşa fiyat listesi başlığı ve güncel satırları önce göster; kopya URL açma.
emlakkulisi.com,ankara meyve sebze hali fiyatları,11,4,False,https://emlakkulisi.com/ankara-hal-fiyatlari-2022-ankara-halinde-meyve-sebze-ve-balik-ne-kadar-iste-17-temmuz-2022-fiyat-listesi/714011,6.8,775,/hal/ankara-hal,"Google mevcut hedefini kontrol et; veri tarihi, liste sırası ve sorguya uygun açıklamayı güçlendir."
ensonhaber.com,adana mayer limon fiyatları,7,,True,https://www.ensonhaber.com/ekonomi/adanada-mayer-cinsi-limonun-hasadi-erken-basladi-fiyatlari-dusurecek-hasat,7.84,1358,/urun/limon-mayer,Mevcut Mayer sayfasında Adana veri kapsamını açıklayan içerik; yerel seri tamamlanınca şehir sayfası.
ertehaber.com,salçalık domates fiyatları,11,,True,https://ertehaber.com/Haber/salcalik-domates-fiyatlari-2-kat-artti,7.93,1828,/urun/domates-salcalik,"Mevcut sayfayı Rio/çeşit, hal-fabrika ayrımı ve veriye dayalı hesap örneğiyle güçlendir."
esiparis.ihe.istanbul,istanbul hal fiyatları,17,3,False,https://esiparis.ihe.istanbul/,4.3,6157,/hal/istanbul-hal-ibb,Aynı hal sayfasında Bayrampaşa fiyat listesi başlığı ve güncel satırları önce göster; kopya URL açma.
eski.konya.bel.tr,konya hal fiyatları,11,18,True,https://eski.konya.bel.tr/sayfadetay.php?sayfaID=722,2.74,1949,/hal/konya-hal,"Google mevcut hedefini kontrol et; veri tarihi, liste sırası ve sorguya uygun açıklamayı güçlendir."
eskitadinda.com,salçalık domates fiyatları,19,,True,https://www.eskitadinda.com/yerli-salcalik-petemek-domates-5-kg-p,7.93,1828,/urun/domates-salcalik,"Mevcut sayfayı Rio/çeşit, hal-fabrika ayrımı ve veriye dayalı hesap örneğiyle güçlendir."
gazetesehir.com,denizli hal fiyatları,9,6,False,https://gazetesehir.com/haber/21443227/denizlide-hal-fiyatlari-guncellendi-zam-var-mi,3.21,1348,/hal/denizli-hal,"Google mevcut hedefini kontrol et; veri tarihi, liste sırası ve sorguya uygun açıklamayı güçlendir."
gazetevatan.com,adana limon fiyatları,11,6,False,https://www.gazetevatan.com/galeri/fiyatlar-dusecek-adanada-sicak-hava-limon-hasadi-erkene-cekti-2160641,7.8,4403,/urun/limon,Adana resmi veri akışını doğrula/onar; genel fiyatı Adana fiyatı diye sunma; yerel sayfa veri kapısı sonrası.
gazetevatan.com,2026 üzüm fiyatları,6,2,False,https://www.gazetevatan.com/sehirler/manisa/kuru-uzum-fiyati-belli-oldu-alimlar-10-eylulde-basliyor-2403375,3.03,842,/urun/uzum,"Taze/kuru üzüm niyetini ayır; mevcut hedefi koru, çeşide ve kaynağa bağlı açıklama ekle."
gaziantep.bel.tr,gaziantep hal fiyatları,1,4,True,https://www.gaziantep.bel.tr/tr/hal-rayic,4.62,1234,/hal/gaziantep-hal,"Google mevcut hedefini kontrol et; veri tarihi, liste sırası ve sorguya uygun açıklamayı güçlendir."
gaziantepdogus.com,gaziantep hal fiyatları,13,4,False,https://www.gaziantepdogus.com/foto-galeri/4-temmuz-gaziantep-hal-fiyatlari-aciklandi,4.62,1234,/hal/gaziantep-hal,"Google mevcut hedefini kontrol et; veri tarihi, liste sırası ve sorguya uygun açıklamayı güçlendir."
gaziantephaber.com,gaziantep hal fiyatları,7,4,False,https://www.gaziantephaber.com/gaziantep-hal-fiyatlari/12616/,4.62,1234,/hal/gaziantep-hal,"Google mevcut hedefini kontrol et; veri tarihi, liste sırası ve sorguya uygun açıklamayı güçlendir."
gaziantepolusum.com,gaziantep hal fiyatları,12,4,False,https://www.gaziantepolusum.com/haberleri/gaziantep-hal-fiyatlari,4.62,1234,/hal/gaziantep-hal,"Google mevcut hedefini kontrol et; veri tarihi, liste sırası ve sorguya uygun açıklamayı güçlendir."
gazianteppostasi.com,gaziantep hal fiyatları,10,4,False,https://www.gazianteppostasi.com/haber/gaziantep-hal-fiyatlari-05-subat-2026,4.62,1234,/hal/gaziantep-hal,"Google mevcut hedefini kontrol et; veri tarihi, liste sırası ve sorguya uygun açıklamayı güçlendir."
genccivrilgazetesi.com,denizli hal fiyatları,13,6,False,https://www.genccivrilgazetesi.com/sebze-meyve-fiyatlari-artiyor-denizlide-guncel-hal-fiyatlari,3.21,1348,/hal/denizli-hal,"Google mevcut hedefini kontrol et; veri tarihi, liste sırası ve sorguya uygun açıklamayı güçlendir."
gida.ibb.istanbul,istanbul sebze hali fiyatları,15,8,False,https://gida.ibb.istanbul/hal-mudurlugu/hal-fiyatlari.html,5.24,1023,/hal/istanbul-hal-ibb,Aynı hal sayfasında Bayrampaşa fiyat listesi başlığı ve güncel satırları önce göster; kopya URL açma.
gidaveri.com,üzüm fiyatları 2026,4,2,False,https://gidaveri.com/sehir/istanbul/uzum.html,3.36,1019,/urun/uzum,"Taze/kuru üzüm niyetini ayır; mevcut hedefi koru, çeşide ve kaynağa bağlı açıklama ekle."
groseri.com.tr,üzüm fiyatları,19,,True,https://www.groseri.com.tr/,6.1,898,/urun/uzum,"Taze/kuru üzüm niyetini ayır; mevcut hedefi koru, çeşide ve kaynağa bağlı açıklama ekle."
gtb.org.tr,gaziantep hal fiyatları,8,4,False,https://www.gtb.org.tr/gunluk-bulten,4.62,1234,/hal/gaziantep-hal,"Google mevcut hedefini kontrol et; veri tarihi, liste sırası ve sorguya uygun açıklamayı güçlendir."
guncelfiyatlari.com,istanbul hal fiyatları,13,3,False,https://www.guncelfiyatlari.com/istanbul-hal-fiyatlari/,4.3,6157,/hal/istanbul-hal-ibb,Aynı hal sayfasında Bayrampaşa fiyat listesi başlığı ve güncel satırları önce göster; kopya URL açma.
guncelfiyatlari.com,mersin hal fiyatları,13,9,False,https://www.guncelfiyatlari.com/mersin-hal-fiyatlari/,8.46,2051,/hal/mersin-hal,Son kaynak tarihi 22 Haziran; yeni yazıdan önce güncel resmi kaynak ve ETL sorununu çöz.
guncelfiyatlari.com,bayrampaşa hal fiyatları,19,13,False,https://www.guncelfiyatlari.com/istanbul-hal-fiyatlari/,3.96,1936,/hal/istanbul-hal-ibb,Aynı hal sayfasında Bayrampaşa fiyat listesi başlığı ve güncel satırları önce göster; kopya URL açma.
guncelfiyatlari.com,bayrampaşa meyve sebze hali fiyat listesi,18,,True,https://www.guncelfiyatlari.com/istanbul-hal-fiyatlari/,4.03,1249,/hal/istanbul-hal-ibb,Aynı hal sayfasında Bayrampaşa fiyat listesi başlığı ve güncel satırları önce göster; kopya URL açma.
guncelfiyatlari.com,istanbul hal fiyatları bugün,17,9,False,https://www.guncelfiyatlari.com/istanbul-hal-fiyatlari/,4.19,1052,/hal/istanbul-hal-ibb,Aynı hal sayfasında Bayrampaşa fiyat listesi başlığı ve güncel satırları önce göster; kopya URL açma.
guncelfiyatlari.com,istanbul sebze hali fiyatları,6,8,True,https://www.guncelfiyatlari.com/istanbul-hal-fiyatlari/,5.24,1023,/hal/istanbul-hal-ibb,Aynı hal sayfasında Bayrampaşa fiyat listesi başlığı ve güncel satırları önce göster; kopya URL açma.
gurmar.com.tr,adana limon fiyatları,20,6,False,https://www.gurmar.com.tr/,7.8,4403,/urun/limon,Adana resmi veri akışını doğrula/onar; genel fiyatı Adana fiyatı diye sunma; yerel sayfa veri kapısı sonrası.
haberankara.com,ankara hal fiyatları,11,10,False,https://www.haberankara.com/ankara/ankara-buyuksehir-belediyesi-hal-fiyatlari-belli-oldu-21-ekim-ankara-hal-meyve-sebze-fiyatlari/232898,4.67,2981,/hal/ankara-hal,"Google mevcut hedefini kontrol et; veri tarihi, liste sırası ve sorguya uygun açıklamayı güçlendir."
haberdairesi.com,konya hal fiyatları,14,18,True,https://haberdairesi.com/konya/konya-hal-fiyatlari-guncel-sebze-ve-meyve-satis-rakamlari-aciklandi-129624h,2.74,1949,/hal/konya-hal,"Google mevcut hedefini kontrol et; veri tarihi, liste sırası ve sorguya uygun açıklamayı güçlendir."
habergazetesi.com.tr,üzüm fiyatları 2026,10,2,False,https://www.habergazetesi.com.tr/sarap-fiyatlari,3.36,1019,/urun/uzum,"Taze/kuru üzüm niyetini ayır; mevcut hedefi koru, çeşide ve kaynağa bağlı açıklama ekle."
haberler.com,limon piyasası,17,6,False,https://www.haberler.com/ekonomi/istanbul-da-limon-fiyatlari-10-tl-ye-dayandi-agustos-tan-itibaren-gerileme-bekleniyor-17480667-haberi/,5.64,4118,/urun/limon,"Çeşit, hal/bahçe ayrımı, kaynaklı tablo ve ilgili Mayer/yerel piyasa bağlantılarını güçlendir."
haberler.com,adana mayer limon fiyatları,8,,True,https://www.haberler.com/ekonomi/adana-da-limon-fiyatlari-curume-nedeniyle-yukseldi-17475317-haberi/,7.84,1358,/urun/limon-mayer,Mevcut Mayer sayfasında Adana veri kapsamını açıklayan içerik; yerel seri tamamlanınca şehir sayfası.
hakimiyet.com,konya hal fiyatları,7,18,True,https://www.hakimiyet.com/konya-hal-fiyatlari-belli-oldu/97407/,2.74,1949,/hal/konya-hal,"Google mevcut hedefini kontrol et; veri tarihi, liste sırası ve sorguya uygun açıklamayı güçlendir."
hal.gov.tr,istanbul hal fiyatları,4,3,False,http://www.hal.gov.tr/Sayfalar/FiyatDetaylari.aspx,4.3,6157,/hal/istanbul-hal-ibb,Aynı hal sayfasında Bayrampaşa fiyat listesi başlığı ve güncel satırları önce göster; kopya URL açma.
hal.gov.tr,hal fiyatları,2,12,True,http://www.hal.gov.tr/Sayfalar/FiyatDetaylari.aspx,7.59,3139,/fiyatlar,Ana sayfa/fiyatlar sorgu sahipliğini incele; şehir bağlantıları ve son veri tarihlerini güçlendir.
hal.gov.tr,ankara hal fiyatları,3,10,True,http://www.hal.gov.tr/Sayfalar/FiyatDetaylari.aspx,4.67,2981,/hal/ankara-hal,"Google mevcut hedefini kontrol et; veri tarihi, liste sırası ve sorguya uygun açıklamayı güçlendir."
hal.gov.tr,kayseri hal fiyatları,19,8,False,http://www.hal.gov.tr/Sayfalar/FiyatDetaylari.aspx,6.22,2306,/hal/kayseri-hal,"Google mevcut hedefini kontrol et; veri tarihi, liste sırası ve sorguya uygun açıklamayı güçlendir."
hal.gov.tr,mersin hal fiyatları,5,9,True,http://www.hal.gov.tr/Sayfalar/FiyatDetaylari.aspx,8.46,2051,/hal/mersin-hal,Son kaynak tarihi 22 Haziran; yeni yazıdan önce güncel resmi kaynak ve ETL sorununu çöz.
hal.gov.tr,konya hal fiyatları,4,18,True,http://www.hal.gov.tr/Sayfalar/FiyatDetaylari.aspx,2.74,1949,/hal/konya-hal,"Google mevcut hedefini kontrol et; veri tarihi, liste sırası ve sorguya uygun açıklamayı güçlendir."
hal.gov.tr,bursa hal fiyatları,9,11,True,http://www.hal.gov.tr/Sayfalar/FiyatDetaylari.aspx,2.85,1866,/hal/bursa-hal,"Google mevcut hedefini kontrol et; veri tarihi, liste sırası ve sorguya uygun açıklamayı güçlendir."
hal.gov.tr,bayrampaşa hal fiyatları,5,13,True,http://www.hal.gov.tr/Sayfalar/FiyatDetaylari.aspx,3.96,1936,/hal/istanbul-hal-ibb,Aynı hal sayfasında Bayrampaşa fiyat listesi başlığı ve güncel satırları önce göster; kopya URL açma.
hal.gov.tr,salçalık domates fiyatları,16,,True,http://www.hal.gov.tr/Sayfalar/FiyatDetaylari.aspx,7.93,1828,/urun/domates-salcalik,"Mevcut sayfayı Rio/çeşit, hal-fabrika ayrımı ve veriye dayalı hesap örneğiyle güçlendir."
hal.gov.tr,denizli hal fiyatları,4,6,True,http://www.hal.gov.tr/Sayfalar/FiyatDetaylari.aspx,3.21,1348,/hal/denizli-hal,"Google mevcut hedefini kontrol et; veri tarihi, liste sırası ve sorguya uygun açıklamayı güçlendir."
hal.gov.tr,gaziantep hal fiyatları,5,4,False,http://www.hal.gov.tr/Sayfalar/FiyatDetaylari.aspx,4.62,1234,/hal/gaziantep-hal,"Google mevcut hedefini kontrol et; veri tarihi, liste sırası ve sorguya uygun açıklamayı güçlendir."
hal.gov.tr,ankara hal fiyatları bugün,4,3,False,http://www.hal.gov.tr/Sayfalar/FiyatDetaylari.aspx,5.4,1226,/hal/ankara-hal,"Google mevcut hedefini kontrol et; veri tarihi, liste sırası ve sorguya uygun açıklamayı güçlendir."
hal.gov.tr,bayrampaşa meyve sebze hali fiyat listesi,2,,True,http://www.hal.gov.tr/Sayfalar/FiyatDetaylari.aspx,4.03,1249,/hal/istanbul-hal-ibb,Aynı hal sayfasında Bayrampaşa fiyat listesi başlığı ve güncel satırları önce göster; kopya URL açma.
hal.gov.tr,istanbul hal fiyatları bugün,5,9,True,http://www.hal.gov.tr/Sayfalar/FiyatDetaylari.aspx,4.19,1052,/hal/istanbul-hal-ibb,Aynı hal sayfasında Bayrampaşa fiyat listesi başlığı ve güncel satırları önce göster; kopya URL açma.
hal.gov.tr,kocaeli hal fiyatları,5,,True,http://www.hal.gov.tr/Sayfalar/FiyatDetaylari.aspx,3.87,1093,/hal/kocaeli-hal-merkez,"Google mevcut hedefini kontrol et; veri tarihi, liste sırası ve sorguya uygun açıklamayı güçlendir."
hal.gov.tr,istanbul sebze hali fiyatları,5,8,True,http://www.hal.gov.tr/Sayfalar/FiyatDetaylari.aspx,5.24,1023,/hal/istanbul-hal-ibb,Aynı hal sayfasında Bayrampaşa fiyat listesi başlığı ve güncel satırları önce göster; kopya URL açma.
hal.gov.tr,ankara meyve sebze hali fiyatları,5,4,False,http://www.hal.gov.tr/Sayfalar/FiyatDetaylari.aspx,6.8,775,/hal/ankara-hal,"Google mevcut hedefini kontrol et; veri tarihi, liste sırası ve sorguya uygun açıklamayı güçlendir."
halderistanbul.org,istanbul hal fiyatları,10,3,False,https://halderistanbul.org/,4.3,6157,/hal/istanbul-hal-ibb,Aynı hal sayfasında Bayrampaşa fiyat listesi başlığı ve güncel satırları önce göster; kopya URL açma.
halderistanbul.org,bayrampaşa hal fiyatları,17,13,False,https://halderistanbul.org/,3.96,1936,/hal/istanbul-hal-ibb,Aynı hal sayfasında Bayrampaşa fiyat listesi başlığı ve güncel satırları önce göster; kopya URL açma.
halekstra.com,nar fiyatları 2026,14,2,False,https://www.halekstra.com/urun/nar-kasa-fiyati,4.26,1119,/urun/nar,Mevcut açılış sayfasında niyet ve veri kapsamı incelemesi.
halfiyatlari.biz,bayrampaşa hal fiyatları,7,13,True,https://halfiyatlari.biz/bayrampasa-hal-fiyatlari/,3.96,1936,/hal/istanbul-hal-ibb,Aynı hal sayfasında Bayrampaşa fiyat listesi başlığı ve güncel satırları önce göster; kopya URL açma.
halfiyatlari.biz,kahramanmaraş hal fiyatları,11,4,False,https://halfiyatlari.biz/kahramanmaras-hal-fiyatlari/,2.89,1736,/hal/kahramanmaras-hal,"Google mevcut hedefini kontrol et; veri tarihi, liste sırası ve sorguya uygun açıklamayı güçlendir."
halfiyatlari.co,denizli hal fiyatları,12,6,False,https://halfiyatlari.co/denizli-hal-fiyatlari,3.21,1348,/hal/denizli-hal,"Google mevcut hedefini kontrol et; veri tarihi, liste sırası ve sorguya uygun açıklamayı güçlendir."
halfiyatlari.co,kocaeli hal fiyatları,15,,True,https://halfiyatlari.co/kocaeli-hal-fiyatlari,3.87,1093,/hal/kocaeli-hal-merkez,"Google mevcut hedefini kontrol et; veri tarihi, liste sırası ve sorguya uygun açıklamayı güçlendir."
halfiyatlari.tr,konya hal fiyatları,3,18,True,https://halfiyatlari.tr/konya/,2.74,1949,/hal/konya-hal,"Google mevcut hedefini kontrol et; veri tarihi, liste sırası ve sorguya uygun açıklamayı güçlendir."
halfiyatlari.tr,bursa hal fiyatları,7,11,True,https://halfiyatlari.tr/bursa/,2.85,1866,/hal/bursa-hal,"Google mevcut hedefini kontrol et; veri tarihi, liste sırası ve sorguya uygun açıklamayı güçlendir."
halfiyatlari.tr,bayrampaşa hal fiyatları,3,13,True,https://halfiyatlari.tr/istanbul/bayrampasa/,3.96,1936,/hal/istanbul-hal-ibb,Aynı hal sayfasında Bayrampaşa fiyat listesi başlığı ve güncel satırları önce göster; kopya URL açma.
halfiyatlari.tr,kahramanmaraş hal fiyatları,5,4,False,https://halfiyatlari.tr/kahramanmaras/,2.89,1736,/hal/kahramanmaras-hal,"Google mevcut hedefini kontrol et; veri tarihi, liste sırası ve sorguya uygun açıklamayı güçlendir."
halfiyatlari.tr,denizli hal fiyatları,5,6,True,https://halfiyatlari.tr/denizli/,3.21,1348,/hal/denizli-hal,"Google mevcut hedefini kontrol et; veri tarihi, liste sırası ve sorguya uygun açıklamayı güçlendir."
halfiyatlari.tr,ankara hal fiyatları bugün,8,3,False,https://halfiyatlari.tr/,5.4,1226,/hal/ankara-hal,"Google mevcut hedefini kontrol et; veri tarihi, liste sırası ve sorguya uygun açıklamayı güçlendir."
halfiyatlari.tr,bayrampaşa meyve sebze hali fiyat listesi,3,,True,https://halfiyatlari.tr/istanbul/bayrampasa/,4.03,1249,/hal/istanbul-hal-ibb,Aynı hal sayfasında Bayrampaşa fiyat listesi başlığı ve güncel satırları önce göster; kopya URL açma.
halfiyatlari.tr,istanbul hal fiyatları bugün,3,9,True,https://halfiyatlari.tr/istanbul/,4.19,1052,/hal/istanbul-hal-ibb,Aynı hal sayfasında Bayrampaşa fiyat listesi başlığı ve güncel satırları önce göster; kopya URL açma.
halfiyatlari.tr,kocaeli hal fiyatları,2,,True,https://halfiyatlari.tr/kocaeli/,3.87,1093,/hal/kocaeli-hal-merkez,"Google mevcut hedefini kontrol et; veri tarihi, liste sırası ve sorguya uygun açıklamayı güçlendir."
halfiyatlari.tr,istanbul sebze hali fiyatları,4,8,True,https://halfiyatlari.tr/istanbul/,5.24,1023,/hal/istanbul-hal-ibb,Aynı hal sayfasında Bayrampaşa fiyat listesi başlığı ve güncel satırları önce göster; kopya URL açma.
halicinihat.com,ankara hal fiyatları bugün,16,3,False,https://halicinihat.com/,5.4,1226,/hal/ankara-hal,"Google mevcut hedefini kontrol et; veri tarihi, liste sırası ve sorguya uygun açıklamayı güçlendir."
halkatalogu.com,kahramanmaraş hal fiyatları,20,4,False,http://halkatalogu.com/il/kahramanmaras,2.89,1736,/hal/kahramanmaras-hal,"Google mevcut hedefini kontrol et; veri tarihi, liste sırası ve sorguya uygun açıklamayı güçlendir."
halktanpazar.com,üzüm fiyatları,9,,True,https://www.halktanpazar.com/kuru-uzum,6.1,898,/urun/uzum,"Taze/kuru üzüm niyetini ayır; mevcut hedefi koru, çeşide ve kaynağa bağlı açıklama ekle."
haller.kocaeli.bel.tr,kocaeli hal fiyatları,10,,True,http://haller.kocaeli.bel.tr/,3.87,1093,/hal/kocaeli-hal-merkez,"Google mevcut hedefini kontrol et; veri tarihi, liste sırası ve sorguya uygun açıklamayı güçlendir."
harmanapps.com,istanbul hal fiyatları,2,3,True,https://harmanapps.com/hal-borsa-fiyatlari/istanbul,4.3,6157,/hal/istanbul-hal-ibb,Aynı hal sayfasında Bayrampaşa fiyat listesi başlığı ve güncel satırları önce göster; kopya URL açma.
harmanapps.com,limon fiyatları,3,5,True,https://harmanapps.com/limon-fiyati,5.85,4838,/urun/limon,"Çeşit, hal/bahçe ayrımı, kaynaklı tablo ve ilgili Mayer/yerel piyasa bağlantılarını güçlendir."
harmanapps.com,limon piyasası,5,6,True,https://harmanapps.com/limon-fiyati,5.64,4118,/urun/limon,"Çeşit, hal/bahçe ayrımı, kaynaklı tablo ve ilgili Mayer/yerel piyasa bağlantılarını güçlendir."
harmanapps.com,adana limon fiyatları,2,6,True,https://harmanapps.com/limonmayer-fiyati/adana,7.8,4403,/urun/limon,Adana resmi veri akışını doğrula/onar; genel fiyatı Adana fiyatı diye sunma; yerel sayfa veri kapısı sonrası.
harmanapps.com,mersin limon fiyatları,2,3,True,https://harmanapps.com/limon-fiyati,6.54,3343,/piyasa/erdemli-limon,"Yerel veri akışını onar; piyasa, analiz ve ürün sayfalarının amaçlarını ve iç bağlantılarını ayır."
harmanapps.com,hal fiyatları,10,12,True,https://harmanapps.com/hal-borsa-fiyatlari,7.59,3139,/fiyatlar,Ana sayfa/fiyatlar sorgu sahipliğini incele; şehir bağlantıları ve son veri tarihlerini güçlendir.
harmanapps.com,ankara hal fiyatları,2,10,True,https://harmanapps.com/hal-borsa-fiyatlari/ankara,4.67,2981,/hal/ankara-hal,"Google mevcut hedefini kontrol et; veri tarihi, liste sırası ve sorguya uygun açıklamayı güçlendir."
harmanapps.com,patates fiyatları,7,4,False,https://harmanapps.com/patates-fiyati,7.14,2639,/urun/patates,Mevcut açılış sayfasında niyet ve veri kapsamı incelemesi.
harmanapps.com,kayseri hal fiyatları,3,8,True,https://harmanapps.com/hal-borsa-fiyatlari/kayseri,6.22,2306,/hal/kayseri-hal,"Google mevcut hedefini kontrol et; veri tarihi, liste sırası ve sorguya uygun açıklamayı güçlendir."
harmanapps.com,mersin hal fiyatları,1,9,True,https://harmanapps.com/hal-borsa-fiyatlari/mersin,8.46,2051,/hal/mersin-hal,Son kaynak tarihi 22 Haziran; yeni yazıdan önce güncel resmi kaynak ve ETL sorununu çöz.
harmanapps.com,konya hal fiyatları,2,18,True,https://harmanapps.com/hal-borsa-fiyatlari/konya,2.74,1949,/hal/konya-hal,"Google mevcut hedefini kontrol et; veri tarihi, liste sırası ve sorguya uygun açıklamayı güçlendir."
harmanapps.com,bursa hal fiyatları,4,11,True,https://harmanapps.com/hal-borsa-fiyatlari/bursa,2.85,1866,/hal/bursa-hal,"Google mevcut hedefini kontrol et; veri tarihi, liste sırası ve sorguya uygun açıklamayı güçlendir."
harmanapps.com,bayrampaşa hal fiyatları,1,13,True,https://harmanapps.com/hal-borsa-fiyatlari/istanbul,3.96,1936,/hal/istanbul-hal-ibb,Aynı hal sayfasında Bayrampaşa fiyat listesi başlığı ve güncel satırları önce göster; kopya URL açma.
harmanapps.com,salçalık domates fiyatları,3,,True,https://harmanapps.com/domates-salcalikrio-fiyati/izmir,7.93,1828,/urun/domates-salcalik,"Mevcut sayfayı Rio/çeşit, hal-fabrika ayrımı ve veriye dayalı hesap örneğiyle güçlendir."
harmanapps.com,denizli hal fiyatları,2,6,True,https://harmanapps.com/hal-borsa-fiyatlari/denizli,3.21,1348,/hal/denizli-hal,"Google mevcut hedefini kontrol et; veri tarihi, liste sırası ve sorguya uygun açıklamayı güçlendir."
harmanapps.com,adana mayer limon fiyatları,3,,True,https://harmanapps.com/limonmayer-fiyati/adana,7.84,1358,/urun/limon-mayer,Mevcut Mayer sayfasında Adana veri kapsamını açıklayan içerik; yerel seri tamamlanınca şehir sayfası.
harmanapps.com,soğan fiyatları,3,4,True,https://harmanapps.com/sogan-fiyati,5.73,1212,/urun/sogan-kuru,Mevcut açılış sayfasında niyet ve veri kapsamı incelemesi.
harmanapps.com,gaziantep hal fiyatları,2,4,True,https://harmanapps.com/hal-borsa-fiyatlari/gaziantep,4.62,1234,/hal/gaziantep-hal,"Google mevcut hedefini kontrol et; veri tarihi, liste sırası ve sorguya uygun açıklamayı güçlendir."
harmanapps.com,ankara hal fiyatları bugün,2,3,True,https://harmanapps.com/hal-borsa-fiyatlari/ankara,5.4,1226,/hal/ankara-hal,"Google mevcut hedefini kontrol et; veri tarihi, liste sırası ve sorguya uygun açıklamayı güçlendir."
harmanapps.com,bayrampaşa meyve sebze hali fiyat listesi,10,,True,https://harmanapps.com/hal-borsa-fiyatlari,4.03,1249,/hal/istanbul-hal-ibb,Aynı hal sayfasında Bayrampaşa fiyat listesi başlığı ve güncel satırları önce göster; kopya URL açma.
harmanapps.com,erdemli limon fiyatları,4,2,False,https://harmanapps.com/limon-fiyati,5.71,985,/piyasa/erdemli-limon,"Yerel veri akışını onar; piyasa, analiz ve ürün sayfalarının amaçlarını ve iç bağlantılarını ayır."
harmanapps.com,istanbul hal fiyatları bugün,2,9,True,https://harmanapps.com/hal-borsa-fiyatlari/istanbul,4.19,1052,/hal/istanbul-hal-ibb,Aynı hal sayfasında Bayrampaşa fiyat listesi başlığı ve güncel satırları önce göster; kopya URL açma.
harmanapps.com,kocaeli hal fiyatları,6,,True,https://harmanapps.com/bezelye-fiyati/kocaeli,3.87,1093,/hal/kocaeli-hal-merkez,"Google mevcut hedefini kontrol et; veri tarihi, liste sırası ve sorguya uygun açıklamayı güçlendir."
harmanapps.com,üzüm fiyatları 2026,8,2,False,https://harmanapps.com/uzum-fiyati,3.36,1019,/urun/uzum,"Taze/kuru üzüm niyetini ayır; mevcut hedefi koru, çeşide ve kaynağa bağlı açıklama ekle."
harmanapps.com,istanbul sebze hali fiyatları,3,8,True,https://harmanapps.com/hal-borsa-fiyatlari/istanbul,5.24,1023,/hal/istanbul-hal-ibb,Aynı hal sayfasında Bayrampaşa fiyat listesi başlığı ve güncel satırları önce göster; kopya URL açma.
harmanapps.com,üzüm fiyatları,2,,True,https://harmanapps.com/uzum-fiyati,6.1,898,/urun/uzum,"Taze/kuru üzüm niyetini ayır; mevcut hedefi koru, çeşide ve kaynağa bağlı açıklama ekle."
harmanapps.com,2026 üzüm fiyatları,4,2,False,https://harmanapps.com/uzum-fiyati,3.03,842,/urun/uzum,"Taze/kuru üzüm niyetini ayır; mevcut hedefi koru, çeşide ve kaynağa bağlı açıklama ekle."
harmanapps.com,ankara meyve sebze hali fiyatları,2,4,True,https://harmanapps.com/hal-borsa-fiyatlari/ankara,6.8,775,/hal/ankara-hal,"Google mevcut hedefini kontrol et; veri tarihi, liste sırası ve sorguya uygun açıklamayı güçlendir."
hatay.bel.tr,limon fiyatları,20,5,False,https://hatay.bel.tr/hal-fiyatlari,5.85,4838,/urun/limon,"Çeşit, hal/bahçe ayrımı, kaynaklı tablo ve ilgili Mayer/yerel piyasa bağlantılarını güçlendir."
hepsiburada.com,limon fiyatları,14,5,False,https://www.hepsiburada.com/meyveler-c-60006235?filtreler=turu%3ALimon,5.85,4838,/urun/limon,"Çeşit, hal/bahçe ayrımı, kaynaklı tablo ve ilgili Mayer/yerel piyasa bağlantılarını güçlendir."
hepsiburada.com,konya hal fiyatları,8,18,True,https://www.hepsiburada.com/konya-hali-x-s65829,2.74,1949,/hal/konya-hal,"Google mevcut hedefini kontrol et; veri tarihi, liste sırası ve sorguya uygun açıklamayı güçlendir."
hepsiburada.com,salçalık domates fiyatları,12,,True,https://www.hepsiburada.com/salcalik-domates-x-s53996,7.93,1828,/urun/domates-salcalik,"Mevcut sayfayı Rio/çeşit, hal-fabrika ayrımı ve veriye dayalı hesap örneğiyle güçlendir."
hepsiburada.com,soğan fiyatları,15,4,False,https://www.hepsiburada.com/sebzeler-c-60006433?filtreler=turu%3ASo%E2%82%ACC4%E2%82%AC9Fan,5.73,1212,/urun/sogan-kuru,Mevcut açılış sayfasında niyet ve veri kapsamı incelemesi.
hepsiburada.com,nar fiyatları 2026,7,2,False,https://www.hepsiburada.com/meyveler-c-60006235?filtreler=turu:Nar,4.26,1119,/urun/nar,Mevcut açılış sayfasında niyet ve veri kapsamı incelemesi.
hurriyet.com.tr,patates fiyatları,11,4,False,https://www.hurriyet.com.tr/haberleri/patates-fiyatlari,7.14,2639,/urun/patates,Mevcut açılış sayfasında niyet ve veri kapsamı incelemesi.
hurriyet.com.tr,bursa hal fiyatları,16,11,False,https://www.hurriyet.com.tr/yerel-haberler/bursa/merkez/hal-giris-ucretleri-guncellendi-41106196,2.85,1866,/hal/bursa-hal,"Google mevcut hedefini kontrol et; veri tarihi, liste sırası ve sorguya uygun açıklamayı güçlendir."
iha.com.tr,adana limon fiyatları,8,6,False,https://www.iha.com.tr/adana-haberleri/adanada-limonun-fiyatini-dusurecek-hasat-basladi-104860856,7.8,4403,/urun/limon,Adana resmi veri akışını doğrula/onar; genel fiyatı Adana fiyatı diye sunma; yerel sayfa veri kapısı sonrası.
iha.com.tr,adana mayer limon fiyatları,6,,True,https://www.iha.com.tr/adana-haberleri/limon-bahcede-8-market-ve-pazarda-25-lira-118831865,7.84,1358,/urun/limon-mayer,Mevcut Mayer sayfasında Adana veri kapsamını açıklayan içerik; yerel seri tamamlanınca şehir sayfası.
ilkaykoenec.com,hal fiyatları,14,12,False,https://www.ilkaykoenec.com/tr/trimmobilienpreisefrankurt,7.59,3139,/fiyatlar,Ana sayfa/fiyatlar sorgu sahipliğini incele; şehir bağlantıları ve son veri tarihlerini güçlendir.
ilkha.com,mersin hal fiyatları,18,9,False,https://ilkha.com/guncel/sanliurfa-da-pazarci-esnafi-fiyatlari-degerlendirdi-527607,8.46,2051,/hal/mersin-hal,Son kaynak tarihi 22 Haziran; yeni yazıdan önce güncel resmi kaynak ve ETL sorununu çöz.
ispark.istanbul,bayrampaşa hal fiyatları,11,13,True,https://ispark.istanbul/park/795AE73E-122C-4DBA-A5A5-DC0ACA97ED39,3.96,1936,/hal/istanbul-hal-ibb,Aynı hal sayfasında Bayrampaşa fiyat listesi başlığı ve güncel satırları önce göster; kopya URL açma.
ispark.istanbul,bayrampaşa meyve sebze hali fiyat listesi,5,,True,https://ispark.istanbul/park/489CC7A9-4855-4088-A2CF-C41C3CD24B2B,4.03,1249,/hal/istanbul-hal-ibb,Aynı hal sayfasında Bayrampaşa fiyat listesi başlığı ve güncel satırları önce göster; kopya URL açma.
ispark.istanbul,istanbul sebze hali fiyatları,18,8,False,https://ispark.istanbul/park/489CC7A9-4855-4088-A2CF-C41C3CD24B2B,5.24,1023,/hal/istanbul-hal-ibb,Aynı hal sayfasında Bayrampaşa fiyat listesi başlığı ve güncel satırları önce göster; kopya URL açma.
isparta.bel.tr,istanbul hal fiyatları,19,3,False,https://www.isparta.bel.tr/hal-meyve-ve-sebze-fiyatlari,4.3,6157,/hal/istanbul-hal-ibb,Aynı hal sayfasında Bayrampaşa fiyat listesi başlığı ve güncel satırları önce göster; kopya URL açma.
itb.org.tr,üzüm fiyatları,1,,True,https://itb.org.tr/UzumSalonu,6.1,898,/urun/uzum,"Taze/kuru üzüm niyetini ayır; mevcut hedefi koru, çeşide ve kaynağa bağlı açıklama ekle."
itb.org.tr,2026 üzüm fiyatları,7,2,False,https://itb.org.tr/UzumSalonu,3.03,842,/urun/uzum,"Taze/kuru üzüm niyetini ayır; mevcut hedefi koru, çeşide ve kaynağa bağlı açıklama ekle."
kahramanmaras.bel.tr,kahramanmaraş hal fiyatları,1,4,True,https://kahramanmaras.bel.tr/hal-sebze-ve-meyve-fiyatlari,2.89,1736,/hal/kahramanmaras-hal,"Google mevcut hedefini kontrol et; veri tarihi, liste sırası ve sorguya uygun açıklamayı güçlendir."
kanal46.com,kahramanmaraş hal fiyatları,15,4,False,https://www.kanal46.com/kahramamaras-hal-fiyatlari-sasirtti,2.89,1736,/hal/kahramanmaras-hal,"Google mevcut hedefini kontrol et; veri tarihi, liste sırası ve sorguya uygun açıklamayı güçlendir."
kanalmaras.com,kahramanmaraş hal fiyatları,8,4,False,https://www.kanalmaras.com/kahramanmarasta-hal-fiyatlari-belli-oldu-en-pahali-urun-sasirtti,2.89,1736,/hal/kahramanmaras-hal,"Google mevcut hedefini kontrol et; veri tarihi, liste sırası ve sorguya uygun açıklamayı güçlendir."
kaptangazetesi.com.tr,istanbul hal fiyatları,14,3,False,https://www.kaptangazetesi.com.tr/adalar/istanbulda-guncel-hal-fiyatlari/6009/,4.3,6157,/hal/istanbul-hal-ibb,Aynı hal sayfasında Bayrampaşa fiyat listesi başlığı ve güncel satırları önce göster; kopya URL açma.
karekod.org,bursa hal fiyatları,2,11,True,https://www.karekod.org/blog/bursa-hal-fiyatlari/,2.85,1866,/hal/bursa-hal,"Google mevcut hedefini kontrol et; veri tarihi, liste sırası ve sorguya uygun açıklamayı güçlendir."
karekod.org,bayrampaşa hal fiyatları,15,13,False,https://www.karekod.org/blog/hal-fiyatlari/,3.96,1936,/hal/istanbul-hal-ibb,Aynı hal sayfasında Bayrampaşa fiyat listesi başlığı ve güncel satırları önce göster; kopya URL açma.
kastamonu.edu.tr,patates fiyatları,18,4,False,https://kastamonu.edu.tr/tr/yemeklistesi,7.14,2639,/urun/patates,Mevcut açılış sayfasında niyet ve veri kapsamı incelemesi.
kayisicenter.com,üzüm fiyatları,15,,True,https://www.kayisicenter.com/kategori/kuru-uzum,6.1,898,/urun/uzum,"Taze/kuru üzüm niyetini ayır; mevcut hedefi koru, çeşide ve kaynağa bağlı açıklama ekle."
kayseri.bel.tr,hal fiyatları,9,12,True,https://www.kayseri.bel.tr/hal-fiyatlari,7.59,3139,/fiyatlar,Ana sayfa/fiyatlar sorgu sahipliğini incele; şehir bağlantıları ve son veri tarihlerini güçlendir.
kayseri.bel.tr,ankara hal fiyatları,12,10,False,https://www.kayseri.bel.tr/hal-fiyatlari,4.67,2981,/hal/ankara-hal,"Google mevcut hedefini kontrol et; veri tarihi, liste sırası ve sorguya uygun açıklamayı güçlendir."
kayseri.bel.tr,kayseri hal fiyatları,1,8,True,https://www.kayseri.bel.tr/hal-fiyatlari,6.22,2306,/hal/kayseri-hal,"Google mevcut hedefini kontrol et; veri tarihi, liste sırası ve sorguya uygun açıklamayı güçlendir."
kayseri.bel.tr,mersin hal fiyatları,12,9,False,https://www.kayseri.bel.tr/hal-fiyatlari,8.46,2051,/hal/mersin-hal,Son kaynak tarihi 22 Haziran; yeni yazıdan önce güncel resmi kaynak ve ETL sorununu çöz.
kayseri.bel.tr,salçalık domates fiyatları,8,,True,https://www.kayseri.bel.tr/hal-fiyatlari,7.93,1828,/urun/domates-salcalik,"Mevcut sayfayı Rio/çeşit, hal-fabrika ayrımı ve veriye dayalı hesap örneğiyle güçlendir."
kayseri.bel.tr,denizli hal fiyatları,20,6,False,https://www.kayseri.bel.tr/hal-fiyatlari,3.21,1348,/hal/denizli-hal,"Google mevcut hedefini kontrol et; veri tarihi, liste sırası ve sorguya uygun açıklamayı güçlendir."
kayseri.bel.tr,gaziantep hal fiyatları,16,4,False,https://www.kayseri.bel.tr/hal-fiyatlari,4.62,1234,/hal/gaziantep-hal,"Google mevcut hedefini kontrol et; veri tarihi, liste sırası ve sorguya uygun açıklamayı güçlendir."
kayseri.bel.tr,kocaeli hal fiyatları,19,,True,https://www.kayseri.bel.tr/hal-fiyatlari,3.87,1093,/hal/kocaeli-hal-merkez,"Google mevcut hedefini kontrol et; veri tarihi, liste sırası ve sorguya uygun açıklamayı güçlendir."
kayseri.bel.tr,ankara meyve sebze hali fiyatları,12,4,False,https://www.kayseri.bel.tr/hal-fiyatlari,6.8,775,/hal/ankara-hal,"Google mevcut hedefini kontrol et; veri tarihi, liste sırası ve sorguya uygun açıklamayı güçlendir."
kayserianadoluhaber.com.tr,kayseri hal fiyatları,9,8,False,https://www.kayserianadoluhaber.com.tr/kayseri-hal-fiyatlari-bu-hafta-dustu-7-urunde-buyuk-indirim/160971,6.22,2306,/hal/kayseri-hal,"Google mevcut hedefini kontrol et; veri tarihi, liste sırası ve sorguya uygun açıklamayı güçlendir."
kayserihaber.com.tr,kayseri hal fiyatları,7,8,True,https://kayserihaber.com.tr/haber/kayseri_guncel_hal_fiyatlari_7_temmuz-81747,6.22,2306,/hal/kayseri-hal,"Google mevcut hedefini kontrol et; veri tarihi, liste sırası ve sorguya uygun açıklamayı güçlendir."
kayserihal.tr,kayseri hal fiyatları,2,8,True,https://kayserihal.tr/fiyat-listesi,6.22,2306,/hal/kayseri-hal,"Google mevcut hedefini kontrol et; veri tarihi, liste sırası ve sorguya uygun açıklamayı güçlendir."
kayserihal.tr,salçalık domates fiyatları,10,,True,https://kayserihal.tr/fiyat-listesi,7.93,1828,/urun/domates-salcalik,"Mevcut sayfayı Rio/çeşit, hal-fabrika ayrımı ve veriye dayalı hesap örneğiyle güçlendir."
kmtb.org.tr,kahramanmaraş hal fiyatları,3,4,True,https://kmtb.org.tr/member-list.php?i=16,2.89,1736,/hal/kahramanmaras-hal,"Google mevcut hedefini kontrol et; veri tarihi, liste sırası ve sorguya uygun açıklamayı güçlendir."
kocaeli.bel.tr,hal fiyatları,11,12,True,https://www.kocaeli.bel.tr/hal-fiyatlari/,7.59,3139,/fiyatlar,Ana sayfa/fiyatlar sorgu sahipliğini incele; şehir bağlantıları ve son veri tarihlerini güçlendir.
kocaeli.bel.tr,kocaeli hal fiyatları,1,,True,https://www.kocaeli.bel.tr/hal-fiyatlari/,3.87,1093,/hal/kocaeli-hal-merkez,"Google mevcut hedefini kontrol et; veri tarihi, liste sırası ve sorguya uygun açıklamayı güçlendir."
kocaeligazetesi.com.tr,kocaeli hal fiyatları,14,,True,https://www.kocaeligazetesi.com.tr/haber/1379858/halde-sebze-ve-meyve-fiyatlari,3.87,1093,/hal/kocaeli-hal-merkez,"Google mevcut hedefini kontrol et; veri tarihi, liste sırası ve sorguya uygun açıklamayı güçlendir."
konhaber.com,konya hal fiyatları,10,18,True,https://www.konhaber.com/etiket-konya%20hal%20fiyatlar%C4%B1,2.74,1949,/hal/konya-hal,"Google mevcut hedefini kontrol et; veri tarihi, liste sırası ve sorguya uygun açıklamayı güçlendir."
konya.bel.tr,hal fiyatları,7,12,True,https://www.konya.bel.tr/hal-fiyatlari,7.59,3139,/fiyatlar,Ana sayfa/fiyatlar sorgu sahipliğini incele; şehir bağlantıları ve son veri tarihlerini güçlendir.
konya.bel.tr,ankara hal fiyatları,5,10,True,https://www.konya.bel.tr/hal-fiyatlari,4.67,2981,/hal/ankara-hal,"Google mevcut hedefini kontrol et; veri tarihi, liste sırası ve sorguya uygun açıklamayı güçlendir."
konya.bel.tr,konya hal fiyatları,1,18,True,https://www.konya.bel.tr/hal-fiyatlari,2.74,1949,/hal/konya-hal,"Google mevcut hedefini kontrol et; veri tarihi, liste sırası ve sorguya uygun açıklamayı güçlendir."
konya.bel.tr,bursa hal fiyatları,17,11,False,https://www.konya.bel.tr/hal-fiyatlari,2.85,1866,/hal/bursa-hal,"Google mevcut hedefini kontrol et; veri tarihi, liste sırası ve sorguya uygun açıklamayı güçlendir."
konya.bel.tr,ankara meyve sebze hali fiyatları,7,4,False,https://www.konya.bel.tr/hal-fiyatlari,6.8,775,/hal/ankara-hal,"Google mevcut hedefini kontrol et; veri tarihi, liste sırası ve sorguya uygun açıklamayı güçlendir."
kurumsal.trabzon.bel.tr,hal fiyatları,5,12,True,https://kurumsal.trabzon.bel.tr/halurunfiyatlari,7.59,3139,/fiyatlar,Ana sayfa/fiyatlar sorgu sahipliğini incele; şehir bağlantıları ve son veri tarihlerini güçlendir.
kurumsal.trabzon.bel.tr,bayrampaşa meyve sebze hali fiyat listesi,14,,True,https://kurumsal.trabzon.bel.tr/halurunfiyatlari,4.03,1249,/hal/istanbul-hal-ibb,Aynı hal sayfasında Bayrampaşa fiyat listesi başlığı ve güncel satırları önce göster; kopya URL açma.
kurumsal.trabzon.bel.tr,ankara meyve sebze hali fiyatları,14,4,False,https://kurumsal.trabzon.bel.tr/halurunfiyatlari,6.8,775,/hal/ankara-hal,"Google mevcut hedefini kontrol et; veri tarihi, liste sırası ve sorguya uygun açıklamayı güçlendir."
lcw.com,mersin limon fiyatları,19,3,False,https://www.lcw.com/marka/lcw-home-b-307,6.54,3343,/piyasa/erdemli-limon,"Yerel veri akışını onar; piyasa, analiz ve ürün sayfalarının amaçlarını ve iç bağlantılarını ayır."
makbul.com,üzüm fiyatları,7,,True,https://www.makbul.com/urun/detay/genel/cekirdeksiz-izmir-uzum-kg/129,6.1,898,/urun/uzum,"Taze/kuru üzüm niyetini ayır; mevcut hedefi koru, çeşide ve kaynağa bağlı açıklama ekle."
manisa.bel.tr,salçalık domates fiyatları,15,,True,https://www.manisa.bel.tr/apps/sebzemeyvehali/GosterimAy.aspx,7.93,1828,/urun/domates-salcalik,"Mevcut sayfayı Rio/çeşit, hal-fabrika ayrımı ve veriye dayalı hesap örneğiyle güçlendir."
manisamansetgazetesi.com,2026 üzüm fiyatları,19,2,False,https://www.manisamansetgazetesi.com/manisa-haberleri/uzum-ureticisinde-buyuk-hayal-kirikligi-maliyet-93-lira-fiyat-80-lira/620670,3.03,842,/urun/uzum,"Taze/kuru üzüm niyetini ayır; mevcut hedefi koru, çeşide ve kaynağa bağlı açıklama ekle."
mansetiz.com,üzüm fiyatları 2026,11,2,False,https://www.mansetiz.com/taris-2026-kuru-uzum-alim-fiyatini-acikladi,3.36,1019,/urun/uzum,"Taze/kuru üzüm niyetini ayır; mevcut hedefi koru, çeşide ve kaynağa bağlı açıklama ekle."
marasbugun.com.tr,kahramanmaraş hal fiyatları,6,4,False,https://www.marasbugun.com.tr/kahramanmarasta-guncel-sebze-ve-meyve-hal-fiyatlari,2.89,1736,/hal/kahramanmaras-hal,"Google mevcut hedefini kontrol et; veri tarihi, liste sırası ve sorguya uygun açıklamayı güçlendir."
marasgurme.com,üzüm fiyatları,13,,True,https://www.marasgurme.com/kategori/cekirdekli-siyah-kuru-uzum,6.1,898,/urun/uzum,"Taze/kuru üzüm niyetini ayır; mevcut hedefi koru, çeşide ve kaynağa bağlı açıklama ekle."
marasmanset.com,2026 üzüm fiyatları,12,2,False,https://www.marasmanset.com/2026-yili-kahramanmarasta-uzum-pekmezi-fiyatlari,3.03,842,/urun/uzum,"Taze/kuru üzüm niyetini ayır; mevcut hedefi koru, çeşide ve kaynağa bağlı açıklama ekle."
marastanhaber.com.tr,kahramanmaraş hal fiyatları,16,4,False,https://www.marastanhaber.com.tr/kahramanmaras-hal-fiyatlari-2023-kahramanmaras-halinde-domates-fiyati-ne-kadar-iste-66923h.htm,2.89,1736,/hal/kahramanmaras-hal,"Google mevcut hedefini kontrol et; veri tarihi, liste sırası ve sorguya uygun açıklamayı güçlendir."
medyayenigun.net,üzüm fiyatları 2026,6,2,False,https://www.medyayenigun.net/foto/28642144/uzum-fiyatlari-2026-ne-kadar-yas-ve-kuru-uzumun-kilosu-kac-tl,3.36,1019,/urun/uzum,"Taze/kuru üzüm niyetini ayır; mevcut hedefi koru, çeşide ve kaynağa bağlı açıklama ekle."
memurlar.net,kocaeli hal fiyatları,16,,True,https://www.memurlar.net/haber/260681/kocaeli-de-sebze-ve-meyve-fiyatlari.html,3.87,1093,/hal/kocaeli-hal-merkez,"Google mevcut hedefini kontrol et; veri tarihi, liste sırası ve sorguya uygun açıklamayı güçlendir."
mersin.bel.tr,mersin limon fiyatları,12,3,False,https://www.mersin.bel.tr/hal-fiyatlari,6.54,3343,/piyasa/erdemli-limon,"Yerel veri akışını onar; piyasa, analiz ve ürün sayfalarının amaçlarını ve iç bağlantılarını ayır."
mersin.bel.tr,hal fiyatları,13,12,False,https://www.mersin.bel.tr/hal-fiyatlari,7.59,3139,/fiyatlar,Ana sayfa/fiyatlar sorgu sahipliğini incele; şehir bağlantıları ve son veri tarihlerini güçlendir.
mersin.bel.tr,mersin hal fiyatları,2,9,True,https://www.mersin.bel.tr/hal-fiyatlari,8.46,2051,/hal/mersin-hal,Son kaynak tarihi 22 Haziran; yeni yazıdan önce güncel resmi kaynak ve ETL sorununu çöz.
mersin.bel.tr,ankara meyve sebze hali fiyatları,17,4,False,https://www.mersin.bel.tr/hal-fiyatlari,6.8,775,/hal/ankara-hal,"Google mevcut hedefini kontrol et; veri tarihi, liste sırası ve sorguya uygun açıklamayı güçlendir."
mersingazetesi.com,mersin limon fiyatları,6,3,False,https://mersingazetesi.com/index.php/2026/07/06/uretim-merkezi-mersinde-limonun-kilosu-75-tl/,6.54,3343,/piyasa/erdemli-limon,"Yerel veri akışını onar; piyasa, analiz ve ürün sayfalarının amaçlarını ve iç bağlantılarını ayır."
mersintb.org.tr,mersin hal fiyatları,14,9,False,https://mersintb.org.tr/gunlukFiyatlar/GUNLUK_FIYAT_LISTESI,8.46,2051,/hal/mersin-hal,Son kaynak tarihi 22 Haziran; yeni yazıdan önce güncel resmi kaynak ve ETL sorununu çöz.
mersinyasam.net,erdemli limon fiyatları,12,2,False,https://mersinyasam.net/tag/mersin-erdemli-limon-fiyatlari-mukerrem-tollu-erdemli-belediyesi/,5.71,985,/piyasa/erdemli-limon,"Yerel veri akışını onar; piyasa, analiz ve ürün sayfalarının amaçlarını ve iç bağlantılarını ayır."
metro-tr.com,adana limon fiyatları,15,6,False,https://www.metro-tr.com/urunlerimiz,7.8,4403,/urun/limon,Adana resmi veri akışını doğrula/onar; genel fiyatı Adana fiyatı diye sunma; yerel sayfa veri kapısı sonrası.
meyvehos.com.tr,bayrampaşa meyve sebze hali fiyat listesi,13,,True,https://www.meyvehos.com.tr/iletisim/,4.03,1249,/hal/istanbul-hal-ibb,Aynı hal sayfasında Bayrampaşa fiyat listesi başlığı ve güncel satırları önce göster; kopya URL açma.
migros.com.tr,limon fiyatları,7,5,False,https://www.migros.com.tr/limon-kg-p-19ff462,5.85,4838,/urun/limon,"Çeşit, hal/bahçe ayrımı, kaynaklı tablo ve ilgili Mayer/yerel piyasa bağlantılarını güçlendir."
migros.com.tr,adana limon fiyatları,19,6,False,https://www.migros.com.tr/,7.8,4403,/urun/limon,Adana resmi veri akışını doğrula/onar; genel fiyatı Adana fiyatı diye sunma; yerel sayfa veri kapısı sonrası.
migros.com.tr,ankara hal fiyatları,17,10,False,https://www.migros.com.tr/meyve-sebze-c-2,4.67,2981,/hal/ankara-hal,"Google mevcut hedefini kontrol et; veri tarihi, liste sırası ve sorguya uygun açıklamayı güçlendir."
migros.com.tr,patates fiyatları,8,4,False,https://www.migros.com.tr/patates-sogan-sarimsak-c-3f6,7.14,2639,/urun/patates,Mevcut açılış sayfasında niyet ve veri kapsamı incelemesi.
migros.com.tr,salçalık domates fiyatları,2,,True,https://www.migros.com.tr/domates-tarla-rio-salcalik-kg-p-1ac7787,7.93,1828,/urun/domates-salcalik,"Mevcut sayfayı Rio/çeşit, hal-fabrika ayrımı ve veriye dayalı hesap örneğiyle güçlendir."
migros.com.tr,soğan fiyatları,8,4,False,https://www.migros.com.tr/sogan-kuru-dokme-kg-p-1b1a7a0,5.73,1212,/urun/sogan-kuru,Mevcut açılış sayfasında niyet ve veri kapsamı incelemesi.
migros.com.tr,nar fiyatları 2026,11,2,False,https://www.migros.com.tr/nar-kg-p-1a06990,4.26,1119,/urun/nar,Mevcut açılış sayfasında niyet ve veri kapsamı incelemesi.
migros.com.tr,üzüm fiyatları,10,,True,https://www.migros.com.tr/uzum-cekirdeksiz-kg-p-1a10da0,6.1,898,/urun/uzum,"Taze/kuru üzüm niyetini ayır; mevcut hedefi koru, çeşide ve kaynağa bağlı açıklama ekle."
milletgazetesi27.com,gaziantep hal fiyatları,6,4,False,https://www.milletgazetesi27.com/haber-gaziantepte-gunun-hal-fiyatlari-belli-oldu-4734.html,4.62,1234,/hal/gaziantep-hal,"Google mevcut hedefini kontrol et; veri tarihi, liste sırası ve sorguya uygun açıklamayı güçlendir."
milligazete.com.tr,2026 üzüm fiyatları,9,2,False,https://www.milligazete.com.tr/ciftcinin-bekledigi-haber-geldi-taris-2026-yili-kuru-uzum-avans-fiyatlari-belli-oldu,3.03,842,/urun/uzum,"Taze/kuru üzüm niyetini ayır; mevcut hedefi koru, çeşide ve kaynağa bağlı açıklama ekle."
n11.com,üzüm fiyatları 2026,12,2,False,https://www.n11.com/supermarket?q=kuru+%C3%BCz%C3%BCm,3.36,1019,/urun/uzum,"Taze/kuru üzüm niyetini ayır; mevcut hedefi koru, çeşide ve kaynağa bağlı açıklama ekle."
nobetcigazete.com,adana limon fiyatları,14,6,False,https://www.nobetcigazete.com/adana-salgami-avrupa-birliginden-cografi-isaret-tescili-aldi,7.8,4403,/urun/limon,Adana resmi veri akışını doğrula/onar; genel fiyatı Adana fiyatı diye sunma; yerel sayfa veri kapısı sonrası.
ntv.com.tr,mersin limon fiyatları,14,3,False,https://www.ntv.com.tr/galeri/yerel-haberler/limon-deposunda-hasadin-sonuna-gelindi-kilosu-35-liradan-basliyor-1715919,6.54,3343,/piyasa/erdemli-limon,"Yerel veri akışını onar; piyasa, analiz ve ürün sayfalarının amaçlarını ve iç bağlantılarını ayır."
ntv.com.tr,salçalık domates fiyatları,5,,True,"https://www.ntv.com.tr/ntvpara/salcalik-domates-fiyatlari-artti,r0cJhWj5uEaFJIFT6MQ9wQ",7.93,1828,/urun/domates-salcalik,"Mevcut sayfayı Rio/çeşit, hal-fabrika ayrımı ve veriye dayalı hesap örneğiyle güçlendir."
nuribeyciftligi.com,adana mayer limon fiyatları,19,,True,https://nuribeyciftligi.com/yas-meyve,7.84,1358,/urun/limon-mayer,Mevcut Mayer sayfasında Adana veri kapsamını açıklayan içerik; yerel seri tamamlanınca şehir sayfası.
odatv.com,limon piyasası,11,6,False,https://www.odatv.com/ekonomi/limon-kilosu-ne-kadar-oldu-limon-fiyatlari-neden-artti-120050508,5.64,4118,/urun/limon,"Çeşit, hal/bahçe ayrımı, kaynaklı tablo ve ilgili Mayer/yerel piyasa bağlantılarını güçlendir."
oisbuis.com,bursa hal fiyatları,13,11,False,https://www.oisbuis.com/fiyatlar/bursa-hal-fiyatlari-guncel-meyve-ve-sebze-fiyati.html,2.85,1866,/hal/bursa-hal,"Google mevcut hedefini kontrol et; veri tarihi, liste sırası ve sorguya uygun açıklamayı güçlendir."
okatalog.com,nar fiyatları 2026,5,2,False,https://www.okatalog.com/bim-nar-aktuel,4.26,1119,/urun/nar,Mevcut açılış sayfasında niyet ve veri kapsamı incelemesi.
okatalog.com,üzüm fiyatları 2026,7,2,False,https://www.okatalog.com/uzum-aktuel-urun-fiyatlari,3.36,1019,/urun/uzum,"Taze/kuru üzüm niyetini ayır; mevcut hedefi koru, çeşide ve kaynağa bağlı açıklama ekle."
okatalog.com,2026 üzüm fiyatları,15,2,False,https://www.okatalog.com/uzum-aktuel-urun-fiyatlari,3.03,842,/urun/uzum,"Taze/kuru üzüm niyetini ayır; mevcut hedefi koru, çeşide ve kaynağa bağlı açıklama ekle."
olaymedya.com,gaziantep hal fiyatları,9,4,False,https://www.olaymedya.com/ekonomi/17404957/gaziantep-25-nisan-2025-hal-fiyatlari-aciklandi-sebze-ve-meyvede-guncel-durum,4.62,1234,/hal/gaziantep-hal,"Google mevcut hedefini kontrol et; veri tarihi, liste sırası ve sorguya uygun açıklamayı güçlendir."
oncudoner.com,patates fiyatları,19,4,False,https://www.oncudoner.com/,7.14,2639,/urun/patates,Mevcut açılış sayfasında niyet ve veri kapsamı incelemesi.
ozgurleblebi.com,üzüm fiyatları,6,,True,https://www.ozgurleblebi.com/Kuru-uzum,6.1,898,/urun/uzum,"Taze/kuru üzüm niyetini ayır; mevcut hedefi koru, çeşide ve kaynağa bağlı açıklama ekle."
ozgurleblebi.com,2026 üzüm fiyatları,11,2,False,https://www.ozgurleblebi.com/Kuru-uzum,3.03,842,/urun/uzum,"Taze/kuru üzüm niyetini ayır; mevcut hedefi koru, çeşide ve kaynağa bağlı açıklama ekle."
paradergi.com.tr,erdemli limon fiyatları,11,2,False,https://www.paradergi.com.tr/sektorler/2024/07/15/limon-tarlada-kalinca-fiyati-uctu,5.71,985,/piyasa/erdemli-limon,"Yerel veri akışını onar; piyasa, analiz ve ürün sayfalarının amaçlarını ve iç bağlantılarını ayır."
paradurumu.com,ankara meyve sebze hali fiyatları,10,4,False,https://www.paradurumu.com/finans/2023-ankara-hal-fiyatlari-bugun-ankara-hal-piyasasi-17451,6.8,775,/hal/ankara-hal,"Google mevcut hedefini kontrol et; veri tarihi, liste sırası ve sorguya uygun açıklamayı güçlendir."
paratik.net,bayrampaşa hal fiyatları,12,13,True,https://paratik.net/istanbul-hal-fiyatlari/,3.96,1936,/hal/istanbul-hal-ibb,Aynı hal sayfasında Bayrampaşa fiyat listesi başlığı ve güncel satırları önce göster; kopya URL açma.
parkera.org,bayrampaşa hal fiyatları,8,13,True,https://parkera.org/bayrampasa_sebze-meyve_hali?ln=tr,3.96,1936,/hal/istanbul-hal-ibb,Aynı hal sayfasında Bayrampaşa fiyat listesi başlığı ve güncel satırları önce göster; kopya URL açma.
parkera.org,bayrampaşa meyve sebze hali fiyat listesi,9,,True,https://parkera.org/bayrampasa_sebze-meyve_hali?ln=tr,4.03,1249,/hal/istanbul-hal-ibb,Aynı hal sayfasında Bayrampaşa fiyat listesi başlığı ve güncel satırları önce göster; kopya URL açma.
patatesborsasi.com,patates fiyatları,14,4,False,https://patatesborsasi.com/,7.14,2639,/urun/patates,Mevcut açılış sayfasında niyet ve veri kapsamı incelemesi.
patronlardunyasi.com,limon piyasası,15,6,False,https://www.patronlardunyasi.com/tarlada-kilosu-1-liraya-dusen-limon-iki-yil-sonra-markette-100-lirayi-asti,5.64,4118,/urun/limon,"Çeşit, hal/bahçe ayrımı, kaynaklı tablo ve ilgili Mayer/yerel piyasa bağlantılarını güçlendir."
pazarmap.com,üzüm fiyatları 2026,1,2,True,https://pazarmap.com/uzum-fiyatlari/,3.36,1019,/urun/uzum,"Taze/kuru üzüm niyetini ayır; mevcut hedefi koru, çeşide ve kaynağa bağlı açıklama ekle."
portakalbahcem.com,nar fiyatları 2026,13,2,False,https://www.portakalbahcem.com/hicaz-nar-1-kg-nhf002,4.26,1119,/urun/nar,Mevcut açılış sayfasında niyet ve veri kapsamı incelemesi.
royalhali.com,gaziantep hal fiyatları,14,4,False,https://www.royalhali.com/,4.62,1234,/hal/gaziantep-hal,"Google mevcut hedefini kontrol et; veri tarihi, liste sırası ve sorguya uygun açıklamayı güçlendir."
rudaw.net,soğan fiyatları,17,4,False,https://www.rudaw.net/turkish/business/250420264,5.73,1212,/urun/sogan-kuru,Mevcut açılış sayfasında niyet ve veri kapsamı incelemesi.
sahibinden.com,adana limon fiyatları,13,6,False,https://www.sahibinden.com/meyve,7.8,4403,/urun/limon,Adana resmi veri akışını doğrula/onar; genel fiyatı Adana fiyatı diye sunma; yerel sayfa veri kapısı sonrası.
sahibinden.com,bayrampaşa hal fiyatları,18,13,False,https://www.sahibinden.com/devren-satilik-is-yeri-sebze-meyve-hali,3.96,1936,/hal/istanbul-hal-ibb,Aynı hal sayfasında Bayrampaşa fiyat listesi başlığı ve güncel satırları önce göster; kopya URL açma.
sahibinden.com,istanbul sebze hali fiyatları,19,8,False,https://www.sahibinden.com/devren-satilik-is-yeri-sebze-meyve-hali,5.24,1023,/hal/istanbul-hal-ibb,Aynı hal sayfasında Bayrampaşa fiyat listesi başlığı ve güncel satırları önce göster; kopya URL açma.
salcalikdomates.com,salçalık domates fiyatları,14,,True,https://www.salcalikdomates.com/,7.93,1828,/urun/domates-salcalik,"Mevcut sayfayı Rio/çeşit, hal-fabrika ayrımı ve veriye dayalı hesap örneğiyle güçlendir."
salihlitb.org.tr,üzüm fiyatları,8,,True,https://www.salihlitb.org.tr/128/uzum-fiyat-verileri,6.1,898,/urun/uzum,"Taze/kuru üzüm niyetini ayır; mevcut hedefi koru, çeşide ve kaynağa bağlı açıklama ekle."
samurhalitr.com,ankara hal fiyatları bugün,11,3,False,https://www.samurhalitr.com/Ankara-Hali-Fiyatlari,5.4,1226,/hal/ankara-hal,"Google mevcut hedefini kontrol et; veri tarihi, liste sırası ve sorguya uygun açıklamayı güçlendir."
sebzemeyvedunyasi.com,limon fiyatları,19,5,False,https://www.sebzemeyvedunyasi.com/limon-yatak-kg,5.85,4838,/urun/limon,"Çeşit, hal/bahçe ayrımı, kaynaklı tablo ve ilgili Mayer/yerel piyasa bağlantılarını güçlendir."
sektorgazetesi.com.tr,üzüm fiyatları 2026,3,2,False,https://www.sektorgazetesi.com.tr/taris-kuru-uzum-fiyatini-acikladi-iste-2026-sezonunun-avans-fiyati,3.36,1019,/urun/uzum,"Taze/kuru üzüm niyetini ayır; mevcut hedefi koru, çeşide ve kaynağa bağlı açıklama ekle."
sektorgazetesi.com.tr,2026 üzüm fiyatları,5,2,False,https://www.sektorgazetesi.com.tr/taris-kuru-uzum-fiyatini-acikladi-iste-2026-sezonunun-avans-fiyati,3.03,842,/urun/uzum,"Taze/kuru üzüm niyetini ayır; mevcut hedefi koru, çeşide ve kaynağa bağlı açıklama ekle."
sochic.com,limon piyasası,18,6,False,https://www.sochic.com/,5.64,4118,/urun/limon,"Çeşit, hal/bahçe ayrımı, kaynaklı tablo ve ilgili Mayer/yerel piyasa bağlantılarını güçlendir."
sokmarket.com.tr,patates fiyatları,13,4,False,https://www.sokmarket.com.tr/patates-kg-p-35919,7.14,2639,/urun/patates,Mevcut açılış sayfasında niyet ve veri kapsamı incelemesi.
sokmarket.com.tr,soğan fiyatları,14,4,False,https://www.sokmarket.com.tr/kuru-sogan-kg-p-32883,5.73,1212,/urun/sogan-kuru,Mevcut açılış sayfasında niyet ve veri kapsamı incelemesi.
superhaber.com,istanbul hal fiyatları bugün,18,9,False,https://www.superhaber.com/etiket/istanbul-hal-fiyatlari,4.19,1052,/hal/istanbul-hal-ibb,Aynı hal sayfasında Bayrampaşa fiyat listesi başlığı ve güncel satırları önce göster; kopya URL açma.
t24.com.tr,limon piyasası,13,6,False,"https://t24.com.tr/ekonomi/ureticiden-1-liraya-alinan-limonun-kilosu-rafta-8-lira,447553",5.64,4118,/urun/limon,"Çeşit, hal/bahçe ayrımı, kaynaklı tablo ve ilgili Mayer/yerel piyasa bağlantılarını güçlendir."
t24.com.tr,adana limon fiyatları,12,6,False,"https://t24.com.tr/ekonomi/ureticiden-limon-tepkisi-tarlada-1-tl-olan-urun-tarim-kredi-marketinde-5-9-lira,983603",7.8,4403,/urun/limon,Adana resmi veri akışını doğrula/onar; genel fiyatı Adana fiyatı diye sunma; yerel sayfa veri kapısı sonrası.
t24.com.tr,mersin limon fiyatları,16,3,False,"https://t24.com.tr/index.php/ekonomi/mersinde-limon-hasadi-basladi,439522",6.54,3343,/piyasa/erdemli-limon,"Yerel veri akışını onar; piyasa, analiz ve ürün sayfalarının amaçlarını ve iç bağlantılarını ayır."
tarim.com.tr,bursa hal fiyatları,8,11,True,https://www.tarim.com.tr/Hal-Fiyatlari.aspx?Ara=%7Cil%7CBursa-Hali%7Cilid%7C4,2.85,1866,/hal/bursa-hal,"Google mevcut hedefini kontrol et; veri tarihi, liste sırası ve sorguya uygun açıklamayı güçlendir."
tarim.com.tr,kocaeli hal fiyatları,3,,True,https://www.tarim.com.tr/Hal-Fiyatlari.aspx?Ara=%7Cil%7CKocaeli-Hali%7Cilid%7C14,3.87,1093,/hal/kocaeli-hal-merkez,"Google mevcut hedefini kontrol et; veri tarihi, liste sırası ve sorguya uygun açıklamayı güçlendir."
tarim.ibb.istanbul,istanbul hal fiyatları,1,3,True,https://tarim.ibb.istanbul/avrupa-yakasi-hal-mudurlugu/hal-fiyatlari.html,4.3,6157,/hal/istanbul-hal-ibb,Aynı hal sayfasında Bayrampaşa fiyat listesi başlığı ve güncel satırları önce göster; kopya URL açma.
tarim.ibb.istanbul,hal fiyatları,1,12,True,https://tarim.ibb.istanbul/avrupa-yakasi-hal-mudurlugu/hal-fiyatlari.html,7.59,3139,/fiyatlar,Ana sayfa/fiyatlar sorgu sahipliğini incele; şehir bağlantıları ve son veri tarihlerini güçlendir.
tarim.ibb.istanbul,ankara hal fiyatları,6,10,True,https://tarim.ibb.istanbul/avrupa-yakasi-hal-mudurlugu/hal-fiyatlari.html,4.67,2981,/hal/ankara-hal,"Google mevcut hedefini kontrol et; veri tarihi, liste sırası ve sorguya uygun açıklamayı güçlendir."
tarim.ibb.istanbul,bayrampaşa hal fiyatları,4,13,True,https://tarim.ibb.istanbul/avrupa-yakasi-hal-mudurlugu/hal-fiyatlari.html,3.96,1936,/hal/istanbul-hal-ibb,Aynı hal sayfasında Bayrampaşa fiyat listesi başlığı ve güncel satırları önce göster; kopya URL açma.
tarim.ibb.istanbul,ankara hal fiyatları bugün,6,3,False,https://tarim.ibb.istanbul/avrupa-yakasi-hal-mudurlugu/hal-fiyatlari.html,5.4,1226,/hal/ankara-hal,"Google mevcut hedefini kontrol et; veri tarihi, liste sırası ve sorguya uygun açıklamayı güçlendir."
tarim.ibb.istanbul,bayrampaşa meyve sebze hali fiyat listesi,4,,True,https://tarim.ibb.istanbul/avrupa-yakasi-hal-mudurlugu/hal-fiyatlari.html,4.03,1249,/hal/istanbul-hal-ibb,Aynı hal sayfasında Bayrampaşa fiyat listesi başlığı ve güncel satırları önce göster; kopya URL açma.
tarim.ibb.istanbul,nar fiyatları 2026,15,2,False,https://tarim.ibb.istanbul/avrupa-yakasi-hal-mudurlugu/hal-fiyatlari.html,4.26,1119,/urun/nar,Mevcut açılış sayfasında niyet ve veri kapsamı incelemesi.
tarim.ibb.istanbul,istanbul hal fiyatları bugün,1,9,True,https://tarim.ibb.istanbul/avrupa-yakasi-hal-mudurlugu/hal-fiyatlari.html,4.19,1052,/hal/istanbul-hal-ibb,Aynı hal sayfasında Bayrampaşa fiyat listesi başlığı ve güncel satırları önce göster; kopya URL açma.
tarim.ibb.istanbul,istanbul sebze hali fiyatları,1,8,True,https://tarim.ibb.istanbul/avrupa-yakasi-hal-mudurlugu/hal-fiyatlari.html,5.24,1023,/hal/istanbul-hal-ibb,Aynı hal sayfasında Bayrampaşa fiyat listesi başlığı ve güncel satırları önce göster; kopya URL açma.
tarim.ibb.istanbul,ankara meyve sebze hali fiyatları,6,4,False,https://tarim.ibb.istanbul/avrupa-yakasi-hal-mudurlugu/hal-fiyatlari.html,6.8,775,/hal/ankara-hal,"Google mevcut hedefini kontrol et; veri tarihi, liste sırası ve sorguya uygun açıklamayı güçlendir."
tarimdunyasi.net,2026 üzüm fiyatları,3,2,False,https://www.tarimdunyasi.net/taris-kuru-uzume-brut-80-lira-avans-fiyat-acikladi/,3.03,842,/urun/uzum,"Taze/kuru üzüm niyetini ayır; mevcut hedefi koru, çeşide ve kaynağa bağlı açıklama ekle."
tarimorman.gov.tr,patates fiyatları,15,4,False,https://www.tarimorman.gov.tr/BUGEM/Belgeler/Tar%C4%B1m%20Havzalar%C4%B1/2026%20Y%C4%B1l%C4%B1%20Destekleme%20Birim%20Fiyatlar%C4%B1.pdf,7.14,2639,/urun/patates,Mevcut açılış sayfasında niyet ve veri kapsamı incelemesi.
tarimorman.gov.tr,soğan fiyatları,19,4,False,https://www.tarimorman.gov.tr/BUGEM/Belgeler/Tar%C4%B1m%20Havzalar%C4%B1/2025%20Y%C4%B1l%C4%B1%20Destekleme%20Birim%20Fiyatlar%C4%B1--.pdf,5.73,1212,/urun/sogan-kuru,Mevcut açılış sayfasında niyet ve veri kapsamı incelemesi.
tarimorman.gov.tr,nar fiyatları 2026,19,2,False,https://www.tarimorman.gov.tr/BUGEM/Belgeler/Tar%C4%B1m%20Havzalar%C4%B1/2026%20Y%C4%B1l%C4%B1%20Destekleme%20Birim%20Fiyatlar%C4%B1.pdf,4.26,1119,/urun/nar,Mevcut açılış sayfasında niyet ve veri kapsamı incelemesi.
tarimorman.gov.tr,üzüm fiyatları,11,,True,https://www.tarimorman.gov.tr/Haber/6738/Tmonun-Cekirdeksiz-Kuru-Uzum-Alim-Fiyati-120-Lira-Olarak-Belirlendi,6.1,898,/urun/uzum,"Taze/kuru üzüm niyetini ayır; mevcut hedefi koru, çeşide ve kaynağa bağlı açıklama ekle."
tarimtv.gov.tr,patates fiyatları,12,4,False,https://www.tarimtv.gov.tr/tr/video-detay/patates-fiyatlar-de-geti-3990,7.14,2639,/urun/patates,Mevcut açılış sayfasında niyet ve veri kapsamı incelemesi.
tarimziraat.com,limon fiyatları,1,5,True,"https://www.tarimziraat.com/fiyat/mersin_limon_fiyatlari-b33,30.html",5.85,4838,/urun/limon,"Çeşit, hal/bahçe ayrımı, kaynaklı tablo ve ilgili Mayer/yerel piyasa bağlantılarını güçlendir."
tarimziraat.com,limon piyasası,1,6,True,https://www.tarimziraat.com/fiyat/limon_fiyatlari-a30.html,5.64,4118,/urun/limon,"Çeşit, hal/bahçe ayrımı, kaynaklı tablo ve ilgili Mayer/yerel piyasa bağlantılarını güçlendir."
tarimziraat.com,adana limon fiyatları,1,6,True,"https://www.tarimziraat.com/fiyat/adana_limon_fiyatlari-b1,30.html",7.8,4403,/urun/limon,Adana resmi veri akışını doğrula/onar; genel fiyatı Adana fiyatı diye sunma; yerel sayfa veri kapısı sonrası.
tarimziraat.com,mersin limon fiyatları,1,3,True,"https://www.tarimziraat.com/fiyat/mersin_limon_fiyatlari-b33,30.html",6.54,3343,/piyasa/erdemli-limon,"Yerel veri akışını onar; piyasa, analiz ve ürün sayfalarının amaçlarını ve iç bağlantılarını ayır."
tarimziraat.com,patates fiyatları,3,4,True,https://www.tarimziraat.com/fiyat/patates_fiyatlari-a10.html,7.14,2639,/urun/patates,Mevcut açılış sayfasında niyet ve veri kapsamı incelemesi.
tarimziraat.com,kahramanmaraş hal fiyatları,18,4,False,"https://www.tarimziraat.com/fiyat/kahramanmaras_salatalik_fiyatlari-b46,21.html",2.89,1736,/hal/kahramanmaras-hal,"Google mevcut hedefini kontrol et; veri tarihi, liste sırası ve sorguya uygun açıklamayı güçlendir."
tarimziraat.com,salçalık domates fiyatları,13,,True,"https://www.tarimziraat.com/fiyat/kayseri_domates_fiyatlari-b38,20.html",7.93,1828,/urun/domates-salcalik,"Mevcut sayfayı Rio/çeşit, hal-fabrika ayrımı ve veriye dayalı hesap örneğiyle güçlendir."
tarimziraat.com,denizli hal fiyatları,11,6,False,"https://www.tarimziraat.com/fiyat/denizli_mandalina_fiyatlari-b20,626.html",3.21,1348,/hal/denizli-hal,"Google mevcut hedefini kontrol et; veri tarihi, liste sırası ve sorguya uygun açıklamayı güçlendir."
tarimziraat.com,adana mayer limon fiyatları,1,,True,"https://www.tarimziraat.com/fiyat/adana_limon_fiyatlari-b1,30.html",7.84,1358,/urun/limon-mayer,Mevcut Mayer sayfasında Adana veri kapsamını açıklayan içerik; yerel seri tamamlanınca şehir sayfası.
tarimziraat.com,soğan fiyatları,2,4,True,https://www.tarimziraat.com/fiyat/kuru_sogan_fiyatlari-a1.html,5.73,1212,/urun/sogan-kuru,Mevcut açılış sayfasında niyet ve veri kapsamı incelemesi.
tarimziraat.com,ankara hal fiyatları bugün,18,3,False,"https://www.tarimziraat.com/fiyat/ankara_kuru_sogan_fiyatlari-b6,1~2.html",5.4,1226,/hal/ankara-hal,"Google mevcut hedefini kontrol et; veri tarihi, liste sırası ve sorguya uygun açıklamayı güçlendir."
tarimziraat.com,nar fiyatları 2026,1,2,True,https://www.tarimziraat.com/fiyat/nar_fiyatlari-a73.html,4.26,1119,/urun/nar,Mevcut açılış sayfasında niyet ve veri kapsamı incelemesi.
tarimziraat.com,erdemli limon fiyatları,1,2,True,"https://www.tarimziraat.com/fiyat/mersin_limon_fiyatlari-b33,30.html",5.71,985,/piyasa/erdemli-limon,"Yerel veri akışını onar; piyasa, analiz ve ürün sayfalarının amaçlarını ve iç bağlantılarını ayır."
tarimziraat.com,üzüm fiyatları,12,,True,"https://www.tarimziraat.com/fiyat/manisa_uzum_fiyatlari-b45,62.html",6.1,898,/urun/uzum,"Taze/kuru üzüm niyetini ayır; mevcut hedefi koru, çeşide ve kaynağa bağlı açıklama ekle."
tarimziraat.com,2026 üzüm fiyatları,1,2,True,https://tarimziraat.com/fiyat/uzum_fiyatlari-a62.html,3.03,842,/urun/uzum,"Taze/kuru üzüm niyetini ayır; mevcut hedefi koru, çeşide ve kaynağa bağlı açıklama ekle."
tarsusmersin.com,mersin hal fiyatları,6,9,True,https://tarsusmersin.com/hal-fiyatlari/,8.46,2051,/hal/mersin-hal,Son kaynak tarihi 22 Haziran; yeni yazıdan önce güncel resmi kaynak ve ETL sorununu çöz.
tarsustb.tobb.org.tr,mersin hal fiyatları,8,9,True,https://tarsustb.tobb.org.tr/B%C3%BClten/HalFiyatlar%C4%B1/tabid/17906/Default.aspx,8.46,2051,/hal/mersin-hal,Son kaynak tarihi 22 Haziran; yeni yazıdan önce güncel resmi kaynak ve ETL sorununu çöz.
tazedukkan.com.tr,salçalık domates fiyatları,6,,True,https://www.tazedukkan.com.tr/organil-rio-salcalik-domates-5-kg-urun1708.html,7.93,1828,/urun/domates-salcalik,"Mevcut sayfayı Rio/çeşit, hal-fabrika ayrımı ve veriye dayalı hesap örneğiyle güçlendir."
tazemasa.com,mersin limon fiyatları,7,3,False,https://www.tazemasa.com/limon-mersin-kg-25,6.54,3343,/piyasa/erdemli-limon,"Yerel veri akışını onar; piyasa, analiz ve ürün sayfalarının amaçlarını ve iç bağlantılarını ayır."
tekirdag.bel.tr,hal fiyatları,16,12,False,https://www.tekirdag.bel.tr/hal_fiyat_gunluk,7.59,3139,/fiyatlar,Ana sayfa/fiyatlar sorgu sahipliğini incele; şehir bağlantıları ve son veri tarihlerini güçlendir.
tekirdag.bel.tr,bayrampaşa meyve sebze hali fiyat listesi,16,,True,https://www.tekirdag.bel.tr/hal_fiyat_gunluk,4.03,1249,/hal/istanbul-hal-ibb,Aynı hal sayfasında Bayrampaşa fiyat listesi başlığı ve güncel satırları önce göster; kopya URL açma.
tekirdag.bel.tr,ankara meyve sebze hali fiyatları,18,4,False,https://www.tekirdag.bel.tr/hal_fiyat_liste_detay/186,6.8,775,/hal/ankara-hal,"Google mevcut hedefini kontrol et; veri tarihi, liste sırası ve sorguya uygun açıklamayı güçlendir."
telgraf.net,gaziantep hal fiyatları,11,4,False,https://telgraf.net/haber/25365121/gaziantep-hal-fiyatlari-fiyatlari-belli-oldu-30062025,4.62,1234,/hal/gaziantep-hal,"Google mevcut hedefini kontrol et; veri tarihi, liste sırası ve sorguya uygun açıklamayı güçlendir."
ticarihayat.com,2026 üzüm fiyatları,13,2,False,https://www.ticarihayat.com/taris-uzum-alim-fiyatini-ve-surec-takvimini-acikladi,3.03,842,/urun/uzum,"Taze/kuru üzüm niyetini ayır; mevcut hedefi koru, çeşide ve kaynağa bağlı açıklama ekle."
tkkoop.com.tr,soğan fiyatları,10,4,False,https://www.tkkoop.com.tr/urun/kuru-sogan-kg,5.73,1212,/urun/sogan-kuru,Mevcut açılış sayfasında niyet ve veri kapsamı incelemesi.
tmo.gov.tr,üzüm fiyatları,4,,True,https://www.tmo.gov.tr/Upload/Document/KUzum/Ualimfiyat2022.pdf,6.1,898,/urun/uzum,"Taze/kuru üzüm niyetini ayır; mevcut hedefi koru, çeşide ve kaynağa bağlı açıklama ekle."
tr.pandora.net,istanbul hal fiyatları,18,3,False,https://tr.pandora.net/,4.3,6157,/hal/istanbul-hal-ibb,Aynı hal sayfasında Bayrampaşa fiyat listesi başlığı ve güncel satırları önce göster; kopya URL açma.
tr.tradingeconomics.com,patates fiyatları,5,4,False,https://tr.tradingeconomics.com/commodity/potatoes,7.14,2639,/urun/patates,Mevcut açılış sayfasında niyet ve veri kapsamı incelemesi.
trendyol.com,nar fiyatları 2026,6,2,False,https://www.trendyol.com/nar-aksesuar-x-b143475-c27,4.26,1119,/urun/nar,Mevcut açılış sayfasında niyet ve veri kapsamı incelemesi.
turkhavadis.com,ankara hal fiyatları,9,10,True,https://www.turkhavadis.com/ankara-hal-fiyatlari-aciklandi-semizotu-300-tlye-dayandi-biber-230-tl,4.67,2981,/hal/ankara-hal,"Google mevcut hedefini kontrol et; veri tarihi, liste sırası ve sorguya uygun açıklamayı güçlendir."
turkhavadis.com,ankara meyve sebze hali fiyatları,8,4,False,https://www.turkhavadis.com/ankara-halde-meyve-fiyatlari-aciklandi-cilek-ve-kestane-zirvede,6.8,775,/hal/ankara-hal,"Google mevcut hedefini kontrol et; veri tarihi, liste sırası ve sorguya uygun açıklamayı güçlendir."
tzob.org.tr,limon piyasası,20,6,False,https://www.tzob.org.tr/2022-yili-ve-aralik-ayi-uretici-ile-market-fiyatlari/,5.64,4118,/urun/limon,"Çeşit, hal/bahçe ayrımı, kaynaklı tablo ve ilgili Mayer/yerel piyasa bağlantılarını güçlendir."
ulasav.csb.gov.tr,kayseri hal fiyatları,6,8,True,https://ulasav.csb.gov.tr/dataset/38-kayseri-hal-fiyat-listesi,6.22,2306,/hal/kayseri-hal,"Google mevcut hedefini kontrol et; veri tarihi, liste sırası ve sorguya uygun açıklamayı güçlendir."
urfanatik.com,salçalık domates fiyatları,20,,True,https://www.urfanatik.com/sanliurfada-salcalik-domatesin-fiyati-aciklandi-kilosu-kac-lira,7.93,1828,/urun/domates-salcalik,"Mevcut sayfayı Rio/çeşit, hal-fabrika ayrımı ve veriye dayalı hesap örneğiyle güçlendir."
vietnam.vn,limon piyasası,16,6,False,https://www.vietnam.vn/tr/diem-bao-nganh-cong-thuong-ngay-16-4-2026,5.64,4118,/urun/limon,"Çeşit, hal/bahçe ayrımı, kaynaklı tablo ve ilgili Mayer/yerel piyasa bağlantılarını güçlendir."
yaylahaber.com.tr,adana limon fiyatları,17,6,False,https://www.yaylahaber.com.tr/limon-ithalatinda-gumruk-vergisi-yuzde-10a-dusuruldu,7.8,4403,/urun/limon,Adana resmi veri akışını doğrula/onar; genel fiyatı Adana fiyatı diye sunma; yerel sayfa veri kapısı sonrası.
yazdin.com,bursa hal fiyatları,14,11,False,https://www.yazdin.com/bursa-hal-fiyatlari-hikmet-sahin-kent-hal-fiyat-listesi/,2.85,1866,/hal/bursa-hal,"Google mevcut hedefini kontrol et; veri tarihi, liste sırası ve sorguya uygun açıklamayı güçlendir."
yenibakishaber.com,üzüm fiyatları 2026,5,2,False,https://www.yenibakishaber.com/ciftci-sen-uzumde-verim-artti-uretici-fiyatlardan-memnun-degil,3.36,1019,/urun/uzum,"Taze/kuru üzüm niyetini ayır; mevcut hedefi koru, çeşide ve kaynağa bağlı açıklama ekle."
yenikonya.com.tr,konya hal fiyatları,5,18,True,https://www.yenikonya.com.tr/konya/konya_hal_fiyatlari_2025-1947893,2.74,1949,/hal/konya-hal,"Google mevcut hedefini kontrol et; veri tarihi, liste sırası ve sorguya uygun açıklamayı güçlendir."
