asset_id,asset_name,canonical_url,format,update_frequency,primary_audience,source_method,license_status,citation_text,owner,quality_gate
prices-current,Güncel Türkiye hal fiyatları,https://haldefiyat.com/fiyatlar,"HTML; JSON API",source-dependent,"üretici; tüccar; medya","belediye/kamu kaynaklarından ETL","Açık yeniden kullanım koşulları ayrıca yayımlanmalı","Kaynak: HalDeFiyat.com — ilgili ürün/hal URL'si","Data/ETL","kaynak tarihi; birim; min-max; freshness"
product-history,Ürün bazlı fiyat geçmişi,https://haldefiyat.com/urun/domates,"HTML; JSON-LD Dataset; API",daily when source updates,"araştırmacı; medya; geliştirici","normalize edilmiş hal fiyat serisi","Açık yeniden kullanım koşulları ayrıca yayımlanmalı","Kaynak: HalDeFiyat.com/urun/{slug}","Data/ETL","canonical ürün; tarih aralığı; kaynak kapsamı"
market-history,Hal/şehir bazlı fiyat listesi,https://haldefiyat.com/hal/istanbul-hal-ibb,"HTML; JSON-LD Dataset",source-dependent,"yerel medya; tüccar; araştırmacı","kaynak bazlı hal ETL","Açık yeniden kullanım koşulları ayrıca yayımlanmalı","Kaynak: HalDeFiyat.com/hal/{slug}","Data/ETL","son veri tarihi; stale uyarısı; kaynak adı"
hal-index,HalDeFiyat Endeksi,https://haldefiyat.com/endeks,"HTML; chart; analysis",weekly,"ekonomi/tarım medyası; araştırmacı","sabit ürün sepeti ve yayımlanmış metodoloji","Metodoloji ve yeniden kullanım koşulları birlikte yayımlanmalı","HalDeFiyat Endeksi — hafta/tarih ve değer","Editorial/Data","sabit sepet; revizyon kaydı; hafta karşılaştırması"
analysis,Editoryal analiz ve haftalık raporlar,https://haldefiyat.com/analiz,"HTML; NewsArticle JSON-LD",weekly,"medya; sektör; genel kullanıcı","veri bulgusu + insan incelemesi","Alıntı kısa pasaj ve canonical link ile","HalDeFiyat analizi — başlık/tarih/URL","Editorial","yazar; tarih; yöntem; sınırlar; review kaydı"
annual-reports,Yıllık fiyat raporları,https://haldefiyat.com/rapor/yillik/2025,"HTML; print/PDF; Article JSON-LD",annual,"medya; araştırmacı; kurum","yıllık veri agregasyonu","Alıntı tablo/grafik koşulları ayrıca belirtilmeli","HalDeFiyat Yıllık Fiyat Raporu {year}","Editorial/Data","tamamlanmış yıl; gerçek yayın/revizyon tarihi"
data-health,Kaynak ve veri sağlığı,https://haldefiyat.com/data-health,"HTML; status",continuous,"geliştirici; araştırmacı; medya","ETL kaynak sağlık kayıtları","Bilgilendirme; veri seti lisansı değildir","HalDeFiyat Veri Sağlığı — erişim tarihi","Data/Operations","son başarılı akış; stale/kesinti ayrımı"
api-docs,Herkese açık fiyat API dokümantasyonu,https://haldefiyat.com/api-docs,"HTML; API",versioned,"geliştirici; araştırmacı; medya","HalDeFiyat public API","Kullanım koşulları ve sürüm politikası tamamlanmalı","Kaynak: HalDeFiyat API — endpoint ve erişim tarihi","API/Product","OpenAPI doğrulama; version; changelog; rate limit"
press-kit,Basın ve medya kiti,https://haldefiyat.com/basin,"HTML; pitch resources",monthly review,"gazeteci; editör; kurum","editoryal/kurumsal kaynak merkezi","Basın kullanım notu eklenmeli","HalDeFiyat medya kiti","PR/Editorial","kapsam sayıları canlı; iletişim; canonical kaynaklar"
